PassengerId,Survived,Pclass,Sex,Age,SibSp,Parch,Fare,Embarked
1,0,3,0,0.2711736617240512,1,0,0.014151057562208049,0
2,1,1,1,0.4722292033174164,1,0,0.13913573538264068,1
3,1,3,1,0.32143754712239253,0,0,0.015468569817999833,0
4,1,1,1,0.4345312892686604,1,0,0.10364429745562033,0
5,0,3,0,0.4345312892686604,0,0,0.015712553569072387,0
6,0,3,0,0.36793164111585824,0,0,0.01650950209357577,2
7,0,1,0,0.6732847449107816,0,0,0.10122885832000206,0
8,0,3,0,0.01985423473234481,3,1,0.04113566043083236,0
9,1,3,1,0.33400351847197784,0,2,0.021730754366528396,0
10,1,2,1,0.17064589092736868,1,0,0.058694292654020104,1
11,1,3,1,0.04498617743151546,1,1,0.03259622914329302,0
12,1,1,1,0.723548630309123,0,0,0.051822148727810165,0
13,0,3,0,0.24604171902488062,0,0,0.015712553569072387,0
14,0,3,0,0.4847951746670017,1,5,0.06104473451835265,0
15,0,3,1,0.17064589092736868,0,0,0.015330377421392339,0
16,1,2,1,0.685850716260367,0,0,0.03122992013728673,0
17,0,3,0,0.01985423473234481,4,1,0.05684821399990475,2
18,1,2,0,0.36793164111585824,0,0,0.025374310111545468,0
19,0,3,1,0.38426740387031916,1,0,0.03513366015444757,0
20,1,3,1,0.36793164111585824,0,0,0.014102260811993537,1
21,0,2,0,0.4345312892686604,0,0,0.050748620223090936,0
22,1,2,0,0.4219653179190751,0,0,0.025374310111545468,0
23,1,3,1,0.18321186227695402,0,0,0.015671954672893913,2
24,1,1,0,0.34656948982156316,0,0,0.06929138530460494,0
25,0,3,1,0.09525006282985675,3,1,0.04113566043083236,0
26,1,3,1,0.4722292033174164,1,5,0.06126431989431795,0
27,0,3,0,0.36793164111585824,0,0,0.014102260811993537,1
28,0,1,0,0.2334757476752953,3,2,0.5133418122566507,0
29,1,3,1,0.36793164111585824,0,0,0.01537917417160685,2
30,0,3,0,0.36793164111585824,0,0,0.015411575213749286,0
31,0,1,0,0.49736114601658704,0,0,0.05410739813385612,1
32,1,1,1,0.36793164111585824,1,0,0.2859895551532101,1
33,1,3,1,0.36793164111585824,0,0,0.015126992566498259,2
34,0,2,0,0.8240764011058055,0,0,0.020494635090094415,0
35,0,1,0,0.34656948982156316,1,0,0.16038672010106003,1
36,0,1,0,0.5224930887157577,1,0,0.10149724044618187,0
37,1,3,0,0.36793164111585824,0,0,0.014110458666029575,1
38,0,3,0,0.2586076903744659,0,0,0.015712553569072387,0
39,0,3,1,0.22090977632571,2,0,0.03513366015444757,0
40,1,3,1,0.17064589092736868,1,0,0.021942337075458514,1
41,0,3,1,0.49736114601658704,1,0,0.018493968331299484,0
42,0,2,1,0.33400351847197784,1,0,0.04098927018018883,0
43,0,3,0,0.36793164111585824,0,0,0.015411575213749286,1
44,1,2,1,0.032420206081930136,1,2,0.08115719346076702,1
45,1,3,1,0.2334757476752953,0,0,0.01537917417160685,2
46,0,3,0,0.36793164111585824,0,0,0.015712553569072387,0
47,0,3,0,0.36793164111585824,1,0,0.030253985132996517,2
48,1,3,1,0.36793164111585824,0,0,0.015126992566498259,2
49,0,3,0,0.36793164111585824,2,0,0.04231498029001666,1
50,0,3,1,0.22090977632571,1,0,0.034743286152731485,0
51,0,3,0,0.08268409148027142,4,1,0.07746484096553544,0
52,0,3,0,0.2586076903744659,0,0,0.01522458606692728,0
53,1,1,1,0.610454888162855,1,0,0.1497654242623688,1
54,1,2,1,0.35913546117114853,1,0,0.050748620223090936,0
55,0,1,0,0.8115104297562202,0,1,0.1209753416358076,1
56,1,1,0,0.36793164111585824,0,0,0.06929138530460494,0
57,1,2,1,0.2586076903744659,0,0,0.020494635090094415,0
58,0,3,0,0.35285247549635584,0,0,0.014110458666029575,1
59,1,2,1,0.05755214878110078,1,2,0.05416439273810667,0
60,0,3,0,0.1329479768786127,5,2,0.09154270340242172,0
61,0,3,0,0.2711736617240512,0,0,0.014110458666029575,1
62,1,1,1,0.4722292033174164,0,0,0.15614960068643363,0
63,0,1,0,0.5601910027645137,1,0,0.16293234896625058,0
64,0,3,0,0.04498617743151546,3,2,0.05445717323939373,0
65,0,1,0,0.36793164111585824,0,0,0.05410739813385612,1
66,1,3,0,0.36793164111585824,1,1,0.029757819776815374,1
67,1,2,1,0.35913546117114853,0,0,0.020494635090094415,0
68,0,3,0,0.2334757476752953,0,0,0.015923941091001644,0
69,1,3,1,0.20834380497612465,4,2,0.015468569817999833,0
70,0,3,0,0.32143754712239253,2,0,0.016908073949327893,0
71,0,2,0,0.39683337521990447,0,0,0.020494635090094415,0
72,0,3,1,0.19577783362653933,5,2,0.09154270340242172,0
73,0,2,0,0.2586076903744659,0,0,0.1434624456306609,0
74,0,3,0,0.32143754712239253,1,0,0.028212719478023115,1
75,1,3,0,0.39683337521990447,0,0,0.11027245763075773,0
76,0,3,0,0.3088715757728072,0,0,0.014931805565640218,0
77,0,3,0,0.36793164111585824,0,0,0.015411575213749286,0
78,0,3,0,0.36793164111585824,0,0,0.015712553569072387,0
79,1,2,0,0.005152048253329982,0,2,0.056604230248832196,0
80,1,3,1,0.37170143252073384,0,0,0.024349578357040744,0
81,0,3,0,0.2711736617240512,0,0,0.017566830077223785,0
82,1,3,0,0.35913546117114853,0,0,0.018542765081513996,0
83,1,3,1,0.36793164111585824,0,0,0.015200187691820024,2
84,0,1,0,0.34656948982156316,0,0,0.09193307740413781,0
85,1,2,1,0.20834380497612465,0,0,0.020494635090094415,0
86,1,3,1,0.4093993465694898,3,0,0.030937139635999665,0
87,0,3,0,0.19577783362653933,1,3,0.06709553154495196,0
88,0,3,0,0.36793164111585824,0,0,0.015712553569072387,0
89,1,1,1,0.2837396330736366,3,2,0.5133418122566507,0
90,0,3,0,0.2963056044232219,0,0,0.015712553569072387,0
91,0,3,0,0.35913546117114853,0,0,0.015712553569072387,0
92,0,3,0,0.24604171902488062,0,0,0.015330377421392339,0
93,0,1,0,0.5727569741140991,1,0,0.11940564777490723,0
94,0,3,0,0.32143754712239253,1,2,0.04015972542654215,0
95,0,3,0,0.7361146016587082,0,0,0.014151057562208049,0
96,0,3,0,0.36793164111585824,0,0,0.015712553569072387,0
97,0,1,0,0.8869062578537321,0,0,0.06764049365134761,1
98,1,1,0,0.2837396330736366,0,1,0.12366716556464086,1
99,1,2,1,0.4219653179190751,0,1,0.044893010197349675,0
100,0,2,0,0.4219653179190751,1,0,0.050748620223090936,0
101,0,3,1,0.34656948982156316,0,0,0.015411575213749286,0
102,0,3,0,0.36793164111585824,0,0,0.015411575213749286,0
103,0,1,0,0.2586076903744659,0,1,0.15085515328815924,0
104,0,3,0,0.4093993465694898,0,0,0.016891873428256675,0
105,0,3,0,0.4596632319678311,2,0,0.015468569817999833,0
106,0,3,0,0.34656948982156316,0,0,0.015411575213749286,0
107,1,3,1,0.2586076903744659,0,0,0.014931805565640218,0
108,1,3,0,0.36793164111585824,0,0,0.015175789316712771,0
109,0,3,0,0.4722292033174164,0,0,0.015411575213749286,0
110,1,3,1,0.36793164111585824,1,0,0.04713766070721715,2
111,0,1,0,0.5853229454636844,0,0,0.10149724044618187,0
112,0,3,1,0.17692887660216136,1,0,0.028212719478023115,1
113,0,3,0,0.2711736617240512,0,0,0.015712553569072387,0
114,0,3,1,0.24604171902488062,1,0,0.019177122834302632,0
115,0,3,1,0.20834380497612465,0,0,0.028220722145058292,1
116,0,3,0,0.2586076903744659,0,0,0.015468569817999833,0
117,0,3,0,0.8806232721789394,0,0,0.015126992566498259,2
118,0,2,0,0.35913546117114853,1,0,0.04098927018018883,0
119,0,1,0,0.2963056044232219,0,1,0.4831284260198326,1
120,0,3,1,0.01985423473234481,4,2,0.06104473451835265,0
121,0,2,0,0.2586076903744659,2,0,0.1434624456306609,0
122,0,3,0,0.36793164111585824,0,0,0.015712553569072387,0
123,0,2,0,0.40311636089469716,1,0,0.058694292654020104,1
124,1,2,1,0.40311636089469716,0,0,0.025374310111545468,0
125,0,1,0,0.6732847449107816,0,1,0.15085515328815924,0
126,1,3,0,0.14551394822819805,1,0,0.021942337075458514,1
127,0,3,0,0.36793164111585824,0,0,0.015126992566498259,2
128,1,3,0,0.2963056044232219,0,0,0.01393967004027879,0
129,1,3,1,0.36793164111585824,1,1,0.04364049521284362,1
130,0,3,0,0.5601910027645137,0,0,0.013614293309848433,0
131,0,3,0,0.4093993465694898,0,0,0.015411575213749286,1
132,0,3,0,0.24604171902488062,0,0,0.013760683560491965,0
133,0,3,1,0.5853229454636844,1,0,0.028302115124416098,0
134,1,2,1,0.35913546117114853,1,0,0.050748620223090936,0
135,0,2,0,0.3088715757728072,0,0,0.025374310111545468,0
136,0,2,0,0.2837396330736366,0,0,0.02936744577509929,1
137,1,1,1,0.2334757476752953,0,2,0.051301584996521765,0
138,0,1,0,0.4596632319678311,1,0,0.10364429745562033,0
139,0,3,0,0.19577783362653933,0,0,0.01798980030808316,0
140,0,1,0,0.2963056044232219,0,0,0.15458810467956932,1
141,0,3,1,0.36793164111585824,0,2,0.029757819776815374,1
142,1,3,1,0.2711736617240512,0,0,0.015126992566498259,0
143,1,3,1,0.2963056044232219,1,0,0.030937139635999665,0
144,0,3,0,0.2334757476752953,0,0,0.013175122557917838,2
145,0,2,0,0.22090977632571,0,0,0.022446505098674838,0
146,0,2,0,0.2334757476752953,1,1,0.07173122281533045,0
147,1,3,0,0.33400351847197784,0,0,0.015216388212891242,0
148,0,3,1,0.10781603417944208,2,2,0.06709553154495196,0
149,0,2,0,0.4533802462930384,0,2,0.050748620223090936,0
150,0,2,0,0.5224930887157577,0,0,0.025374310111545468,0
151,0,2,0,0.6355868308620256,0,0,0.02444717185746977,0
152,1,1,1,0.2711736617240512,1,0,0.12999454257145598,0
153,0,3,0,0.6921337019351597,0,0,0.015712553569072387,0
154,0,3,0,0.5036441316913798,0,2,0.028302115124416098,0
155,0,3,0,0.36793164111585824,0,0,0.014273049437744325,0
156,0,1,0,0.6355868308620256,0,1,0.11980421963065935,1
157,1,3,1,0.19577783362653933,0,0,0.015094396337354966,2
158,0,3,0,0.37170143252073384,0,0,0.015712553569072387,0
159,0,3,0,0.36793164111585824,0,0,0.016908073949327893,0
160,0,3,0,0.36793164111585824,8,2,0.13575255909676825,0
161,0,3,0,0.5476250314149284,0,1,0.031425107138144774,0
162,1,2,1,0.49736114601658704,0,0,0.030741952635141623,0
163,0,3,0,0.32143754712239253,0,0,0.015175789316712771,0
164,0,3,0,0.20834380497612465,0,0,0.016908073949327893,0
165,0,3,0,0.007288263382759488,4,1,0.07746484096553544,0
166,1,3,0,0.10781603417944208,0,2,0.04006213192611313,0
167,1,1,1,0.36793164111585824,0,1,0.10735285047192313,0
168,0,3,1,0.5601910027645137,1,4,0.05445717323939373,0
169,0,1,0,0.36793164111585824,0,0,0.050602229972447406,0
170,0,3,0,0.34656948982156316,0,0,0.11027245763075773,0
171,0,1,0,0.7612465443578789,0,0,0.06538764528744409,0
172,0,3,0,0.04498617743151546,4,1,0.05684821399990475,2
173,1,3,1,0.007288263382759488,1,1,0.021730754366528396,0
174,0,3,0,0.2586076903744659,0,0,0.015468569817999833,0
175,0,1,0,0.6984166876099522,0,0,0.05991421140938287,1
176,0,3,0,0.22090977632571,1,1,0.015330377421392339,0
177,0,3,0,0.36793164111585824,3,1,0.049707687947515,0
178,0,1,1,0.6230208595124404,0,0,0.05604306762136532,1
179,0,2,0,0.37170143252073384,0,0,0.025374310111545468,0
180,0,3,0,0.4470972606182458,0,0,0.0,0
181,0,3,1,0.36793164111585824,8,2,0.13575255909676825,0
182,0,2,0,0.36793164111585824,0,0,0.02937564362913533,1
183,0,3,0,0.10781603417944208,4,2,0.06126431989431795,0
184,1,2,0,0.007288263382759488,2,1,0.07612293033463641,0
185,1,3,1,0.04498617743151546,0,2,0.04298993693898376,0
186,0,1,0,0.36793164111585824,0,0,0.09759350042902103,0
187,1,3,1,0.36793164111585824,1,0,0.030253985132996517,2
188,1,1,0,0.5601910027645137,0,0,0.051822148727810165,0
189,0,3,0,0.49736114601658704,1,1,0.030253985132996517,2
190,0,3,0,0.4470972606182458,0,0,0.015411575213749286,0
191,1,2,1,0.39683337521990447,0,0,0.025374310111545468,0
192,0,2,0,0.2334757476752953,0,0,0.025374310111545468,0
193,1,3,1,0.2334757476752953,1,0,0.015330377421392339,0
194,1,2,0,0.032420206081930136,1,1,0.050748620223090936,0
195,1,1,1,0.5476250314149284,0,0,0.05410739813385612,1
196,1,1,1,0.723548630309123,0,0,0.2859895551532101,1
197,0,3,0,0.36793164111585824,0,0,0.015126992566498259,2
198,0,3,0,0.5224930887157577,0,1,0.01640390592611157,0
199,1,3,1,0.36793164111585824,0,0,0.015126992566498259,2
200,0,2,1,0.2963056044232219,0,0,0.025374310111545468,0
201,0,3,0,0.34656948982156316,0,0,0.018542765081513996,0
202,0,3,0,0.36793164111585824,8,2,0.13575255909676825,0
203,0,3,0,0.4219653179190751,0,0,0.012678957201736696,0
204,0,3,0,0.5664739884393064,0,0,0.014102260811993537,1
205,1,3,0,0.22090977632571,0,0,0.015712553569072387,0
206,0,3,1,0.01985423473234481,0,1,0.02042143996477265,0
207,0,3,0,0.39683337521990447,1,0,0.030937139635999665,0
208,1,3,0,0.32143754712239253,0,0,0.036670757786204655,1
209,1,3,1,0.19577783362653933,0,0,0.015126992566498259,2
210,1,1,0,0.49736114601658704,0,0,0.060507970265993034,1
211,0,3,0,0.2963056044232219,0,0,0.013760683560491965,0
212,1,2,1,0.4345312892686604,0,0,0.04098927018018883,0
213,0,3,0,0.2711736617240512,0,0,0.014151057562208049,0
214,0,2,0,0.37170143252073384,0,0,0.025374310111545468,0
215,0,3,0,0.36793164111585824,1,0,0.015126992566498259,2
216,1,1,1,0.38426740387031916,1,0,0.22109807522194713,1
217,1,3,1,0.33400351847197784,0,0,0.015468569817999833,0
218,0,2,0,0.5224930887157577,1,0,0.05270049023167135,0
219,1,1,1,0.39683337521990447,0,0,0.14891148113361488,1
220,0,2,0,0.37170143252073384,0,0,0.020494635090094415,0
221,1,3,0,0.19577783362653933,0,0,0.015712553569072387,0
222,0,2,0,0.33400351847197784,0,0,0.025374310111545468,0
223,0,3,0,0.6355868308620256,0,0,0.015712553569072387,0
224,0,3,0,0.36793164111585824,0,0,0.015411575213749286,0
225,1,1,0,0.4722292033174164,1,0,0.17566830077223786,0
226,0,3,0,0.2711736617240512,0,0,0.018249984580226933,0
227,1,2,0,0.2334757476752953,0,0,0.020494635090094415,0
228,0,3,0,0.2523247046996733,0,0,0.014151057562208049,0
229,0,2,0,0.22090977632571,0,0,0.025374310111545468,0
230,0,3,1,0.36793164111585824,3,1,0.049707687947515,0
231,1,1,1,0.4345312892686604,1,0,0.16293234896625058,0
232,0,3,0,0.35913546117114853,0,0,0.015175789316712771,0
233,0,2,0,0.7361146016587082,0,0,0.026350245115835676,0
234,1,3,1,0.05755214878110078,4,2,0.06126431989431795,0
235,0,2,0,0.2963056044232219,0,0,0.020494635090094415,0
236,0,3,1,0.36793164111585824,0,0,0.014736618564782174,0
237,0,2,0,0.5476250314149284,1,0,0.050748620223090936,0
238,1,2,1,0.09525006282985675,0,2,0.05123658772523604,0
239,0,2,0,0.2334757476752953,0,0,0.020494635090094415,0
240,0,2,0,0.4093993465694898,0,0,0.023959204355324663,0
241,0,3,1,0.36793164111585824,1,0,0.028212719478023115,1
242,1,3,1,0.36793164111585824,1,0,0.030253985132996517,2
243,0,2,0,0.35913546117114853,0,0,0.020494635090094415,0
244,0,3,0,0.2711736617240512,0,0,0.013907073811135496,0
245,0,3,0,0.37170143252073384,0,0,0.014102260811993537,1
246,0,1,0,0.5476250314149284,2,0,0.17566830077223786,2
247,0,3,1,0.3088715757728072,0,0,0.015175789316712771,0
248,1,2,1,0.2963056044232219,0,2,0.028302115124416098,0
249,1,1,0,0.4596632319678311,1,1,0.10257896680493714,0
250,0,2,0,0.6732847449107816,1,0,0.050748620223090936,0
251,0,3,0,0.36793164111585824,0,0,0.014151057562208049,0
252,0,3,1,0.35913546117114853,1,1,0.02042143996477265,0
253,0,1,0,0.7738125157074642,0,0,0.051822148727810165,0
254,0,3,0,0.37170143252073384,1,0,0.031425107138144774,0
255,0,3,1,0.5099271173661725,0,2,0.039452172548431745,0
256,1,3,1,0.35913546117114853,0,2,0.029757819776815374,1
257,1,1,1,0.36793164111585824,0,0,0.15458810467956932,1
258,1,1,1,0.37170143252073384,0,0,0.16883675574220638,0
259,1,1,1,0.4345312892686604,0,0,1.0,1
260,1,2,1,0.6230208595124404,0,1,0.050748620223090936,0
261,0,3,0,0.36793164111585824,0,0,0.015126992566498259,2
262,1,3,0,0.032420206081930136,4,2,0.06126431989431795,0
263,0,1,0,0.648152802211611,1,1,0.1554664461834305,0
264,0,1,0,0.49736114601658704,0,0,0.0,0
265,0,3,1,0.36793164111585824,0,0,0.015126992566498259,2
266,0,2,0,0.4470972606182458,0,0,0.020494635090094415,0
267,0,3,0,0.19577783362653933,4,1,0.07746484096553544,0
268,1,3,0,0.3088715757728072,1,0,0.015175789316712771,0
269,1,1,1,0.723548630309123,0,1,0.2995388511917728,0
270,1,1,1,0.4345312892686604,0,0,0.2647385704347907,0
271,0,1,0,0.36793164111585824,0,0,0.060507970265993034,0
272,1,3,0,0.3088715757728072,0,0,0.0,0
273,1,2,1,0.5099271173661725,0,1,0.038061465167318204,0
274,0,1,0,0.4596632319678311,0,1,0.057970539254838485,1
275,1,3,1,0.36793164111585824,0,0,0.015126992566498259,2
276,1,1,1,0.7863784870570495,1,0,0.15216446768991498,0
277,0,3,1,0.5601910027645137,0,0,0.015126992566498259,0
278,0,2,0,0.36793164111585824,0,0,0.0,0
279,0,3,0,0.08268409148027142,4,1,0.05684821399990475,2
280,1,3,1,0.4345312892686604,1,1,0.03952536767375352,0
281,0,3,0,0.8115104297562202,0,0,0.015126992566498259,2
282,0,3,0,0.34656948982156316,0,0,0.015330377421392339,0
283,0,3,0,0.19577783362653933,0,0,0.018542765081513996,0
284,1,3,0,0.2334757476752953,0,0,0.015712553569072387,0
285,0,1,0,0.36793164111585824,0,0,0.050748620223090936,0
286,0,3,0,0.4093993465694898,0,0,0.016908073949327893,1
287,1,3,0,0.37170143252073384,0,0,0.018542765081513996,0
288,0,3,0,0.2711736617240512,0,0,0.015411575213749286,0
289,1,2,0,0.5224930887157577,0,0,0.025374310111545468,0
290,1,3,1,0.2711736617240512,0,0,0.015126992566498259,2
291,1,1,1,0.32143754712239253,0,0,0.15390495017656614,0
292,1,1,1,0.2334757476752953,1,0,0.17777475888549785,1
293,0,2,0,0.4470972606182458,0,0,0.025130326360472913,1
294,0,3,1,0.2963056044232219,0,0,0.01727404957593672,0
295,0,3,0,0.2963056044232219,0,0,0.015411575213749286,0
296,0,1,0,0.36793164111585824,0,0,0.05410739813385612,1
297,0,3,0,0.2900226187484292,0,0,0.014110458666029575,1
298,0,1,1,0.01985423473234481,1,2,0.29580589980036276,0
299,1,1,0,0.36793164111585824,0,0,0.05953203526170282,0
300,1,1,1,0.6230208595124404,0,1,0.4831284260198326,1
301,1,3,1,0.36793164111585824,0,0,0.015126992566498259,2
302,1,3,0,0.36793164111585824,2,0,0.04538097769949478,2
303,0,3,0,0.2334757476752953,0,0,0.0,0
304,1,2,1,0.36793164111585824,0,0,0.024105594605968193,2
305,0,3,0,0.36793164111585824,0,0,0.015712553569072387,0
306,1,1,0,0.006282985674792663,1,2,0.29580589980036276,0
307,1,1,1,0.36793164111585824,0,0,0.21642978772242535,1
308,1,1,1,0.20834380497612465,1,0,0.2125586439344078,1
309,0,2,0,0.37170143252073384,1,0,0.04684488020593009,1
310,1,1,1,0.37170143252073384,0,0,0.11111839809247648,1
311,1,1,1,0.2963056044232219,0,0,0.16231419173453318,1
312,1,1,1,0.22090977632571,2,2,0.5121218935012878,1
313,0,2,1,0.32143754712239253,1,1,0.050748620223090936,0
314,0,3,0,0.34656948982156316,0,0,0.015411575213749286,0
315,0,2,0,0.5350590600653431,1,1,0.05123658772523604,0
316,1,3,1,0.32143754712239253,0,0,0.015330377421392339,0
317,1,2,1,0.2963056044232219,1,0,0.050748620223090936,0
318,0,2,0,0.6732847449107816,0,0,0.027326180120125887,0
319,1,1,1,0.38426740387031916,0,2,0.32179836714362564,0
320,1,1,1,0.49736114601658704,1,1,0.2625265161540666,1
321,0,3,0,0.2711736617240512,0,0,0.014151057562208049,0
322,0,3,0,0.33400351847197784,0,0,0.015411575213749286,0
323,1,2,1,0.37170143252073384,0,0,0.024105594605968193,2
324,1,2,1,0.2711736617240512,1,1,0.056604230248832196,0
325,0,3,0,0.36793164111585824,8,2,0.13575255909676825,0
326,1,1,1,0.4470972606182458,0,0,0.2647385704347907,1
327,0,3,0,0.7612465443578789,0,0,0.012174789178520372,0
328,1,2,1,0.4470972606182458,0,0,0.025374310111545468,0
329,1,3,1,0.38426740387031916,1,1,0.04006213192611313,0
330,1,1,1,0.19577783362653933,0,1,0.11316786160148591,1
331,1,3,1,0.36793164111585824,2,0,0.04538097769949478,2
332,0,1,0,0.5664739884393064,0,0,0.055628295244541985,0
333,0,1,0,0.4722292033174164,0,1,0.2995388511917728,0
334,0,3,0,0.19577783362653933,2,0,0.03513366015444757,0
335,1,1,1,0.36793164111585824,1,0,0.2608674266467732,0
336,0,3,0,0.36793164111585824,0,0,0.015411575213749286,0
337,0,1,0,0.35913546117114853,1,0,0.12999454257145598,0
338,1,1,1,0.5099271173661725,0,0,0.2625265161540666,1
339,1,3,0,0.5601910027645137,0,0,0.015712553569072387,0
340,0,1,0,0.5601910027645137,0,0,0.06929138530460494,0
341,1,2,0,0.01985423473234481,1,1,0.050748620223090936,0
342,1,1,1,0.2963056044232219,3,2,0.5133418122566507,0
343,0,2,0,0.34656948982156316,0,0,0.025374310111545468,0
344,0,2,0,0.3088715757728072,0,0,0.025374310111545468,0
345,0,2,0,0.4470972606182458,0,0,0.025374310111545468,0
346,1,2,1,0.2963056044232219,0,0,0.025374310111545468,0
347,1,2,1,0.49736114601658704,0,0,0.025374310111545468,0
348,1,3,1,0.36793164111585824,1,0,0.031425107138144774,0
349,1,3,0,0.032420206081930136,1,1,0.031034733136428686,0
350,0,3,0,0.5224930887157577,0,0,0.016908073949327893,0
351,0,3,0,0.2837396330736366,0,0,0.01800600082915438,0
352,0,1,0,0.36793164111585824,0,0,0.06831545030031472,0
353,0,3,0,0.18321186227695402,1,1,0.014110458666029575,1
354,0,3,0,0.3088715757728072,1,0,0.034743286152731485,0
355,0,3,0,0.36793164111585824,0,0,0.014102260811993537,1
356,0,3,0,0.34656948982156316,0,0,0.018542765081513996,0
357,1,1,1,0.2711736617240512,0,1,0.10735285047192313,0
358,0,2,1,0.4722292033174164,0,0,0.025374310111545468,0
359,1,3,1,0.36793164111585824,0,0,0.01537917417160685,2
360,1,3,1,0.36793164111585824,0,0,0.01537917417160685,2
361,0,3,0,0.49736114601658704,1,4,0.05445717323939373,0
362,0,2,0,0.35913546117114853,1,0,0.05410739813385612,1
363,0,3,1,0.5601910027645137,0,1,0.028212719478023115,1
364,0,3,0,0.4345312892686604,0,0,0.013760683560491965,0
365,0,3,0,0.36793164111585824,1,0,0.030253985132996517,2
366,0,3,0,0.37170143252073384,0,0,0.014151057562208049,0
367,1,1,1,0.7486805730082936,1,0,0.14687821814567664,1
368,1,3,1,0.36793164111585824,0,0,0.014110458666029575,1
369,1,3,1,0.36793164111585824,0,0,0.015126992566498259,2
370,1,1,1,0.2963056044232219,0,0,0.13526459159462315,1
371,1,1,0,0.3088715757728072,1,0,0.1082149914547131,1
372,0,3,0,0.22090977632571,1,0,0.012678957201736696,0
373,0,3,0,0.2334757476752953,0,0,0.015712553569072387,0
374,0,1,0,0.2711736617240512,0,0,0.2647385704347907,1
375,0,3,1,0.032420206081930136,3,1,0.04113566043083236,0
376,1,1,1,0.36793164111585824,1,0,0.16038672010106003,1
377,1,3,1,0.2711736617240512,0,0,0.014151057562208049,0
378,0,1,0,0.33400351847197784,0,2,0.41282050681475896,1
379,0,3,0,0.24604171902488062,0,0,0.007831878409428937,1
380,0,3,0,0.2334757476752953,0,0,0.015175789316712771,0
381,1,1,1,0.5224930887157577,0,0,0.4440992237022602,1
382,1,3,1,0.007288263382759488,0,2,0.030725752114070404,1
383,0,3,0,0.39683337521990447,0,0,0.015468569817999833,0
384,1,1,1,0.4345312892686604,1,0,0.10149724044618187,0
385,0,3,0,0.36793164111585824,0,0,0.015411575213749286,0
386,0,2,0,0.22090977632571,0,0,0.1434624456306609,0
387,0,3,0,0.007288263382759488,5,2,0.09154270340242172,0
388,1,2,1,0.4470972606182458,0,0,0.025374310111545468,0
389,0,3,0,0.36793164111585824,0,0,0.015086393670319786,2
390,1,2,1,0.20834380497612465,0,0,0.023422440102965045,1
391,1,1,0,0.4470972606182458,1,2,0.23422440102965048,0
392,1,3,0,0.2586076903744659,0,0,0.015216388212891242,0
393,0,3,0,0.34656948982156316,2,0,0.015468569817999833,0
394,1,1,1,0.2837396330736366,1,0,0.22109807522194713,1
395,1,3,1,0.2963056044232219,0,2,0.03259622914329302,0
396,0,3,0,0.2711736617240512,0,0,0.015216388212891242,0
397,0,3,1,0.38426740387031916,0,0,0.015330377421392339,0
398,0,2,0,0.5727569741140991,0,0,0.050748620223090936,0
399,0,2,0,0.2837396330736366,0,0,0.020494635090094415,0
400,1,2,1,0.34656948982156316,0,0,0.02469115560854232,0
401,1,3,0,0.4847951746670017,0,0,0.015468569817999833,0
402,0,3,0,0.32143754712239253,0,0,0.015712553569072387,0
403,0,3,1,0.2586076903744659,1,0,0.019177122834302632,0
404,0,3,0,0.34656948982156316,1,0,0.030937139635999665,0
405,0,3,1,0.24604171902488062,0,0,0.016908073949327893,0
406,0,2,0,0.4219653179190751,1,0,0.04098927018018883,0
407,0,3,0,0.6355868308620256,0,0,0.015126992566498259,0
408,1,2,0,0.032420206081930136,1,1,0.03659756266088288,0
409,0,3,0,0.2586076903744659,0,0,0.015175789316712771,0
410,0,3,1,0.36793164111585824,3,1,0.049707687947515,0
411,0,3,0,0.36793164111585824,0,0,0.015411575213749286,0
412,0,3,0,0.36793164111585824,0,0,0.013386510079847098,2
413,1,1,1,0.4093993465694898,1,0,0.17566830077223786,2
414,0,2,0,0.36793164111585824,0,0,0.0,0
415,1,3,0,0.5476250314149284,0,0,0.015468569817999833,0
416,0,3,1,0.36793164111585824,0,0,0.015712553569072387,0
417,1,2,1,0.4219653179190751,1,1,0.06343577527886367,0
418,1,2,1,0.22090977632571,0,2,0.025374310111545468,0
419,0,2,0,0.37170143252073384,0,0,0.025374310111545468,0
420,0,3,1,0.12038200552902739,0,2,0.04713766070721715,0
421,0,3,0,0.36793164111585824,0,0,0.015411575213749286,1
422,0,3,0,0.2586076903744659,0,0,0.015094396337354966,2
423,0,3,0,0.35913546117114853,0,0,0.015370976317570811,0
424,0,3,1,0.34656948982156316,1,1,0.028106928123558056,0
425,0,3,0,0.22090977632571,1,1,0.039452172548431745,0
426,0,3,0,0.36793164111585824,0,0,0.014151057562208049,0
427,1,2,1,0.34656948982156316,1,0,0.050748620223090936,0
428,1,2,1,0.2334757476752953,0,0,0.050748620223090936,0
429,0,3,0,0.36793164111585824,0,0,0.015126992566498259,2
430,1,3,0,0.39683337521990447,0,0,0.015712553569072387,0
431,1,1,0,0.34656948982156316,0,0,0.051822148727810165,0
432,1,3,1,0.36793164111585824,1,0,0.031425107138144774,0
433,1,2,1,0.5224930887157577,1,0,0.050748620223090936,0
434,0,3,0,0.20834380497612465,0,0,0.013907073811135496,0
435,0,1,0,0.6230208595124404,1,0,0.1091095334796455,0
436,1,1,1,0.17064589092736868,1,2,0.23422440102965048,0
437,0,3,1,0.2586076903744659,2,2,0.06709553154495196,0
438,1,2,1,0.2963056044232219,2,3,0.03659756266088288,0
439,0,1,0,0.7989444584066349,1,4,0.5133418122566507,0
440,0,2,0,0.38426740387031916,0,0,0.020494635090094415,0
441,1,2,1,0.5601910027645137,1,1,0.05123658772523604,0
442,0,3,0,0.24604171902488062,0,0,0.018542765081513996,0
443,0,3,0,0.3088715757728072,1,0,0.015175789316712771,0
444,1,2,1,0.34656948982156316,0,0,0.025374310111545468,0
445,1,3,0,0.36793164111585824,0,0,0.015834545444608664,0
446,1,1,0,0.04498617743151546,0,2,0.15977676072337862,0
447,1,2,1,0.15807991957778336,0,1,0.038061465167318204,0
448,1,1,0,0.4219653179190751,0,0,0.051822148727810165,0
449,1,3,1,0.05755214878110078,2,1,0.03758969818624431,1
450,1,1,0,0.648152802211611,0,0,0.05953203526170282,0
451,0,2,0,0.4470972606182458,1,2,0.05416439273810667,0
452,0,3,0,0.36793164111585824,1,0,0.03897240290032268,0
453,0,1,0,0.37170143252073384,0,0,0.05416439273810667,1
454,1,1,0,0.610454888162855,1,0,0.17391981561855152,1
455,0,3,0,0.36793164111585824,0,0,0.015712553569072387,0
456,1,3,0,0.35913546117114853,0,0,0.015411575213749286,1
457,0,1,0,0.8115104297562202,0,0,0.051822148727810165,0
458,1,1,1,0.36793164111585824,1,0,0.10122885832000206,0
459,1,2,1,0.6230208595124404,0,0,0.020494635090094415,0
460,0,3,0,0.36793164111585824,0,0,0.015126992566498259,2
461,1,1,0,0.5978889168132697,0,0,0.051822148727810165,0
462,0,3,0,0.4219653179190751,0,0,0.015712553569072387,0
463,0,1,0,0.5853229454636844,0,0,0.07514699533034619,0
464,0,2,0,0.5978889168132697,0,0,0.025374310111545468,0
465,0,3,0,0.36793164111585824,0,0,0.015712553569072387,0
466,0,3,0,0.4722292033174164,0,0,0.013760683560491965,0
467,0,2,0,0.36793164111585824,0,0,0.0,0
468,0,1,0,0.6984166876099522,0,0,0.051822148727810165,0
469,0,3,0,0.36793164111585824,0,0,0.015078195816283748,2
470,1,3,1,0.0041467705453631576,2,1,0.03758969818624431,1
471,0,3,0,0.36793164111585824,0,0,0.014151057562208049,0
472,0,3,0,0.4722292033174164,0,0,0.016908073949327893,0
473,1,2,1,0.4093993465694898,1,2,0.05416439273810667,0
474,1,2,1,0.2837396330736366,0,0,0.026919605597338588,1
475,0,3,1,0.2711736617240512,0,0,0.019201521209409888,0
476,0,1,0,0.36793164111585824,0,0,0.10149724044618187,0
477,0,2,0,0.4219653179190751,1,0,0.04098927018018883,0
478,0,3,0,0.35913546117114853,1,0,0.013752485706455927,0
479,0,3,0,0.2711736617240512,0,0,0.014679623960531627,0
480,1,3,1,0.01985423473234481,0,1,0.023983602730431916,0
481,0,3,0,0.10781603417944208,5,2,0.09154270340242172,0
482,0,2,0,0.36793164111585824,0,0,0.0,0
483,0,3,0,0.6230208595124404,0,0,0.015712553569072387,0
484,1,3,1,0.7863784870570495,0,0,0.018713553707264782,0
485,1,1,0,0.3088715757728072,1,0,0.17777475888549785,1
486,0,3,1,0.36793164111585824,3,1,0.049707687947515,0
487,1,1,1,0.4345312892686604,1,0,0.17566830077223786,0
488,0,1,0,0.723548630309123,0,0,0.057970539254838485,1
489,0,3,0,0.37170143252073384,0,0,0.015712553569072387,0
490,1,3,0,0.10781603417944208,1,1,0.031034733136428686,0
491,0,3,0,0.36793164111585824,1,0,0.03897240290032268,0
492,0,3,0,0.2586076903744659,0,0,0.014151057562208049,0
493,0,1,0,0.685850716260367,0,0,0.05953203526170282,0
494,0,1,0,0.8869062578537321,0,0,0.09662576327876685,1
495,0,3,0,0.2586076903744659,0,0,0.015712553569072387,0
496,0,3,0,0.36793164111585824,0,0,0.028220722145058292,1
497,1,1,1,0.6732847449107816,1,0,0.1527664244005612,1
498,0,3,0,0.36793164111585824,0,0,0.029473237129564348,0
499,0,1,1,0.3088715757728072,1,2,0.29580589980036276,0
500,0,3,0,0.2963056044232219,0,0,0.015216388212891242,0
501,0,3,0,0.20834380497612465,0,0,0.016908073949327893,0
502,0,3,1,0.2586076903744659,0,0,0.015126992566498259,2
503,0,3,1,0.36793164111585824,0,0,0.014891206669461744,2
504,0,3,1,0.4596632319678311,0,0,0.018713553707264782,0
505,1,1,1,0.19577783362653933,0,0,0.16883675574220638,0
506,0,1,0,0.22090977632571,1,0,0.2125586439344078,1
507,1,2,1,0.4093993465694898,0,2,0.050748620223090936,0
508,1,1,0,0.36793164111585824,0,0,0.051822148727810165,0
509,0,3,0,0.34656948982156316,0,0,0.04396587194327397,0
510,1,3,0,0.32143754712239253,0,0,0.11027245763075773,0
511,1,3,0,0.35913546117114853,0,0,0.015126992566498259,2
512,0,3,0,0.36793164111585824,0,0,0.015712553569072387,0
513,1,1,0,0.4470972606182458,0,0,0.05130978285055781,0
514,1,1,1,0.6732847449107816,1,0,0.11594107850967697,1
515,0,3,0,0.2963056044232219,0,0,0.014630827210317117,0
516,0,1,0,0.5853229454636844,0,0,0.06640417918791278,0
517,1,2,1,0.4219653179190751,0,0,0.020494635090094415,0
518,0,3,0,0.36793164111585824,0,0,0.04713766070721715,2
519,1,2,1,0.4470972606182458,1,0,0.050748620223090936,0
520,0,3,0,0.39683337521990447,0,0,0.015411575213749286,0
521,1,1,1,0.37170143252073384,0,0,0.18249984580226933,0
522,0,3,0,0.2711736617240512,0,0,0.015411575213749286,0
523,0,3,0,0.36793164111585824,0,0,0.014102260811993537,1
524,1,1,1,0.5476250314149284,0,1,0.11316786160148591,1
525,0,3,0,0.36793164111585824,0,0,0.014110458666029575,1
526,0,3,0,0.5036441316913798,0,0,0.015126992566498259,2
527,1,2,1,0.6230208595124404,0,0,0.020494635090094415,0
528,0,1,0,0.36793164111585824,0,0,0.4328841690069588,0
529,0,3,0,0.4847951746670017,0,0,0.015468569817999833,0
530,0,2,0,0.2837396330736366,2,1,0.022446505098674838,0
531,1,2,1,0.01985423473234481,1,1,0.050748620223090936,0
532,0,3,0,0.36793164111585824,0,0,0.014110458666029575,1
533,0,3,0,0.20834380497612465,1,1,0.014110458666029575,1
534,1,3,1,0.36793164111585824,0,2,0.04364049521284362,1
535,0,3,1,0.37170143252073384,0,0,0.016908073949327893,0
536,1,2,1,0.08268409148027142,0,2,0.05123658772523604,0
537,0,1,0,0.5601910027645137,0,0,0.051822148727810165,0
538,1,1,1,0.37170143252073384,0,0,0.20772776566317125,1
539,0,3,0,0.36793164111585824,0,0,0.028302115124416098,0
540,1,1,1,0.2711736617240512,0,2,0.09661756542473082,1
541,1,1,1,0.4470972606182458,0,2,0.13858277060920987,0
542,0,3,1,0.10781603417944208,4,2,0.06104473451835265,0
543,0,3,1,0.1329479768786127,4,2,0.06104473451835265,0
544,1,2,0,0.39683337521990447,1,0,0.050748620223090936,0
545,0,1,0,0.6230208595124404,1,0,0.20772776566317125,1
546,0,1,0,0.7989444584066349,0,0,0.050748620223090936,0
547,1,2,1,0.2334757476752953,1,0,0.050748620223090936,0
548,1,2,0,0.36793164111585824,0,0,0.02705779799394608,1
549,0,3,0,0.4093993465694898,1,1,0.04006213192611313,0
550,1,2,0,0.09525006282985675,1,1,0.07173122281533045,0
551,1,1,0,0.20834380497612465,0,2,0.21642978772242535,1
552,0,2,0,0.33400351847197784,0,0,0.050748620223090936,0
553,0,3,0,0.36793164111585824,0,0,0.015281580671177828,2
554,1,3,0,0.2711736617240512,0,0,0.014102260811993537,1
555,1,3,1,0.2711736617240512,0,0,0.015175789316712771,0
556,0,1,0,0.7738125157074642,0,0,0.051822148727810165,0
557,1,1,1,0.5978889168132697,1,0,0.07729405233978466,1
558,0,1,0,0.36793164111585824,0,0,0.4440992237022602,1
559,1,1,1,0.4847951746670017,1,1,0.1554664461834305,0
560,1,3,1,0.4470972606182458,1,0,0.033962538149299316,0
561,0,3,0,0.36793164111585824,0,0,0.015126992566498259,2
562,0,3,0,0.49736114601658704,0,0,0.015411575213749286,0
563,0,2,0,0.34656948982156316,0,0,0.026350245115835676,0
564,0,3,0,0.36793164111585824,0,0,0.015712553569072387,0
565,0,3,1,0.36793164111585824,0,0,0.015712553569072387,0
566,0,3,0,0.2963056044232219,2,0,0.04713766070721715,0
567,0,3,0,0.2334757476752953,0,0,0.015411575213749286,0
568,0,3,1,0.35913546117114853,0,4,0.04113566043083236,0
569,0,3,0,0.36793164111585824,0,0,0.014110458666029575,1
570,1,3,0,0.39683337521990447,0,0,0.015330377421392339,0
571,1,2,0,0.7738125157074642,0,0,0.020494635090094415,0
572,1,1,1,0.6607187735611963,2,0,0.10048070654571319,0
573,1,1,0,0.4470972606182458,0,0,0.051504969851415845,0
574,1,3,1,0.36793164111585824,0,0,0.015126992566498259,2
575,0,3,0,0.19577783362653933,0,0,0.015712553569072387,0
576,0,3,0,0.2334757476752953,0,0,0.028302115124416098,0
577,1,2,1,0.4219653179190751,0,0,0.025374310111545468,0
578,1,1,1,0.4847951746670017,1,0,0.1091095334796455,0
579,0,3,1,0.36793164111585824,1,0,0.028220722145058292,1
580,1,3,0,0.39683337521990447,0,0,0.015468569817999833,0
581,1,2,1,0.3088715757728072,1,1,0.05855610025741262,0
582,1,1,1,0.4847951746670017,1,1,0.21642978772242535,1
583,0,2,0,0.6732847449107816,0,0,0.050748620223090936,0
584,0,1,0,0.4470972606182458,0,0,0.07831878409428937,1
585,0,3,0,0.36793164111585824,0,0,0.017005667449756914,1
586,1,1,1,0.22090977632571,0,2,0.1554664461834305,0
587,0,2,0,0.5853229454636844,0,0,0.02927805012870631,0
588,1,1,0,0.7486805730082936,1,1,0.15458810467956932,1
589,0,3,0,0.2711736617240512,0,0,0.015712553569072387,0
590,0,3,0,0.36793164111585824,0,0,0.015712553569072387,0
591,0,3,0,0.4345312892686604,0,0,0.013907073811135496,0
592,1,1,1,0.648152802211611,1,0,0.1527664244005612,1
593,0,3,0,0.5853229454636844,0,0,0.014151057562208049,0
594,0,3,1,0.36793164111585824,0,2,0.015126992566498259,2
595,0,2,0,0.4596632319678311,1,0,0.050748620223090936,0
596,0,3,0,0.4470972606182458,1,1,0.04713766070721715,0
597,1,2,1,0.36793164111585824,0,0,0.06441171028315387,0
598,0,3,0,0.610454888162855,0,0,0.0,0
599,0,3,0,0.36793164111585824,0,0,0.014102260811993537,1
600,1,1,0,0.610454888162855,1,0,0.11111839809247648,1
601,1,2,1,0.2963056044232219,2,1,0.05270049023167135,0
602,0,3,0,0.36793164111585824,0,0,0.015411575213749286,0
603,0,1,0,0.36793164111585824,0,0,0.08275928836380983,0
604,0,3,0,0.5476250314149284,0,0,0.015712553569072387,0
605,1,1,0,0.4345312892686604,0,0,0.051822148727810165,1
606,0,3,0,0.4470972606182458,1,0,0.030351578633425542,0
607,0,3,0,0.37170143252073384,0,0,0.015411575213749286,0
608,1,1,0,0.33400351847197784,0,0,0.05953203526170282,0
609,1,2,1,0.2711736617240512,1,2,0.08115719346076702,1
610,1,1,1,0.49736114601658704,0,0,0.2995388511917728,0
611,0,3,1,0.4847951746670017,1,5,0.06104473451835265,0
612,0,3,0,0.36793164111585824,0,0,0.013760683560491965,0
613,1,3,1,0.36793164111585824,1,0,0.030253985132996517,2
614,0,3,0,0.36793164111585824,0,0,0.015126992566498259,2
615,0,3,0,0.4345312892686604,0,0,0.015712553569072387,0
616,1,2,1,0.2963056044232219,1,2,0.12687155055772734,0
617,0,3,0,0.4219653179190751,1,1,0.028106928123558056,0
618,0,3,1,0.32143754712239253,1,0,0.031425107138144774,0
619,1,2,1,0.04498617743151546,2,1,0.07612293033463641,0
620,0,2,0,0.32143754712239253,0,0,0.020494635090094415,0
621,0,3,0,0.33400351847197784,1,0,0.028212719478023115,1
622,1,1,0,0.5224930887157577,1,0,0.10257896680493714,0
623,1,3,0,0.24604171902488062,1,1,0.030725752114070404,1
624,0,3,0,0.2586076903744659,0,0,0.015330377421392339,0
625,0,3,0,0.2586076903744659,0,0,0.031425107138144774,0
626,0,1,0,0.7612465443578789,0,0,0.06308600017332605,0
627,0,2,0,0.7109826589595376,0,0,0.024105594605968193,2
628,1,1,1,0.2586076903744659,0,0,0.15216446768991498,0
629,0,3,0,0.32143754712239253,0,0,0.015411575213749286,0
630,0,3,0,0.36793164111585824,0,0,0.015094396337354966,2
631,1,1,0,1.0,0,0,0.05855610025741262,0
632,0,3,0,0.6355868308620256,0,0,0.013768881414528002,0
633,1,1,0,0.39683337521990447,0,0,0.05953203526170282,1
634,0,1,0,0.36793164111585824,0,0,0.0,0
635,0,3,1,0.10781603417944208,3,2,0.05445717323939373,0
636,1,2,1,0.34656948982156316,0,0,0.025374310111545468,0
637,0,3,0,0.39683337521990447,0,0,0.015468569817999833,0
638,0,2,0,0.38426740387031916,1,1,0.05123658772523604,0
639,0,3,1,0.5099271173661725,0,5,0.07746484096553544,0
640,0,3,0,0.36793164111585824,1,0,0.031425107138144774,0
641,0,3,0,0.24604171902488062,0,0,0.015330377421392339,0
642,1,1,1,0.2963056044232219,0,0,0.13526459159462315,1
643,0,3,1,0.01985423473234481,3,2,0.05445717323939373,0
644,1,3,0,0.36793164111585824,0,0,0.11027245763075773,0
645,1,3,1,0.0041467705453631576,2,1,0.03758969818624431,1
646,1,1,0,0.5978889168132697,1,0,0.1497654242623688,1
647,0,3,0,0.2334757476752953,0,0,0.015411575213749286,0
648,1,1,0,0.6984166876099522,0,0,0.06929138530460494,1
649,0,3,0,0.36793164111585824,0,0,0.014736618564782174,0
650,1,3,1,0.2837396330736366,0,0,0.014736618564782174,0
651,0,3,0,0.36793164111585824,0,0,0.015411575213749286,0
652,1,2,1,0.22090977632571,0,1,0.044893010197349675,0
653,0,3,0,0.2586076903744659,0,0,0.01646070534336126,0
654,1,3,1,0.36793164111585824,0,0,0.015281580671177828,2
655,0,3,1,0.22090977632571,0,0,0.013175122557917838,2
656,0,2,0,0.2963056044232219,2,0,0.1434624456306609,0
657,0,3,0,0.36793164111585824,0,0,0.015411575213749286,0
658,0,3,1,0.39683337521990447,1,1,0.030253985132996517,2
659,0,2,0,0.2837396330736366,0,0,0.025374310111545468,0
660,0,1,0,0.723548630309123,0,2,0.22109807522194713,1
661,1,1,0,0.6230208595124404,2,0,0.2608674266467732,0
662,0,3,0,0.49736114601658704,0,0,0.014102260811993537,1
663,0,1,0,0.5853229454636844,0,0,0.04994347384455151,0
664,0,3,0,0.4470972606182458,0,0,0.014630827210317117,0
665,1,3,0,0.24604171902488062,1,0,0.015468569817999833,0
666,0,2,0,0.39683337521990447,2,0,0.1434624456306609,0
667,0,2,0,0.3088715757728072,0,0,0.025374310111545468,0
668,0,3,0,0.36793164111585824,0,0,0.015175789316712771,0
669,0,3,0,0.5350590600653431,0,0,0.015712553569072387,0
670,1,1,1,0.36793164111585824,1,0,0.10149724044618187,0
671,1,2,1,0.49736114601658704,1,1,0.07612293033463641,0
672,0,1,0,0.38426740387031916,1,0,0.10149724044618187,0
673,0,2,0,0.8743402865041467,0,0,0.020494635090094415,0
674,1,2,0,0.38426740387031916,0,0,0.025374310111545468,0
675,0,2,0,0.36793164111585824,0,0,0.0,0
676,0,3,0,0.22090977632571,0,0,0.015175789316712771,0
677,0,3,0,0.30258859009801453,0,0,0.015712553569072387,0
678,1,3,1,0.22090977632571,0,0,0.019209719063445922,0
679,0,3,1,0.5350590600653431,1,6,0.09154270340242172,0
680,1,1,0,0.4470972606182458,0,1,1.0,1
681,0,3,1,0.36793164111585824,0,0,0.01588334219482317,2
682,1,1,0,0.33400351847197784,0,0,0.1497654242623688,1
683,0,3,0,0.24604171902488062,0,0,0.01800600082915438,0
684,0,3,0,0.17064589092736868,5,2,0.09154270340242172,0
685,0,2,0,0.7486805730082936,1,1,0.07612293033463641,0
686,0,2,0,0.3088715757728072,1,2,0.08115719346076702,1
687,0,3,0,0.17064589092736868,4,1,0.07746484096553544,0
688,0,3,0,0.2334757476752953,0,0,0.019852079483269742,0
689,0,3,0,0.22090977632571,0,0,0.015216388212891242,0
690,1,1,1,0.18321186227695402,0,1,0.41250332793836464,0
691,1,1,0,0.38426740387031916,1,0,0.11125659048908397,0
692,1,3,1,0.04498617743151546,0,1,0.026187654344120927,1
693,1,3,0,0.36793164111585824,0,0,0.11027245763075773,0
694,0,3,0,0.3088715757728072,0,0,0.014102260811993537,1
695,0,1,0,0.7486805730082936,0,0,0.051822148727810165,0
696,0,2,0,0.648152802211611,0,0,0.026350245115835676,0
697,0,3,0,0.5476250314149284,0,0,0.015712553569072387,0
698,1,3,1,0.36793164111585824,0,0,0.015094396337354966,2
699,0,1,0,0.610454888162855,1,1,0.21642978772242535,1
700,0,3,0,0.5224930887157577,0,0,0.014931805565640218,0
701,1,1,1,0.22090977632571,1,0,0.4440992237022602,1
702,1,1,0,0.4345312892686604,0,0,0.05130978285055781,0
703,0,3,1,0.22090977632571,0,1,0.028212719478023115,1
704,0,3,0,0.3088715757728072,0,0,0.015110792045427042,2
705,0,3,0,0.32143754712239253,1,0,0.015330377421392339,0
706,0,2,0,0.4847951746670017,0,0,0.050748620223090936,0
707,1,2,1,0.5601910027645137,0,0,0.026350245115835676,0
708,1,1,0,0.5224930887157577,0,0,0.05130978285055781,0
709,1,1,1,0.2711736617240512,0,0,0.29580589980036276,0
710,1,3,0,0.36793164111585824,1,1,0.029757819776815374,1
711,1,1,1,0.2963056044232219,0,0,0.09662576327876685,1
712,0,1,0,0.36793164111585824,0,0,0.051822148727810165,0
713,1,1,0,0.5978889168132697,1,0,0.10149724044618187,0
714,0,3,0,0.35913546117114853,0,0,0.018510168852370702,0
715,0,2,0,0.648152802211611,0,0,0.025374310111545468,0
716,0,3,0,0.2334757476752953,0,0,0.014931805565640218,0
717,1,1,1,0.4722292033174164,0,0,0.4440992237022602,1
718,1,2,1,0.33400351847197784,0,0,0.020494635090094415,0
719,0,3,0,0.36793164111585824,0,0,0.030253985132996517,2
720,0,3,0,0.4093993465694898,0,0,0.015175789316712771,0
721,1,2,1,0.0701181201306861,0,1,0.06441171028315387,0
722,0,3,0,0.20834380497612465,1,0,0.013768881414528002,0
723,0,2,0,0.4219653179190751,0,0,0.025374310111545468,0
724,0,2,0,0.6230208595124404,0,0,0.025374310111545468,0
725,1,1,0,0.33400351847197784,1,0,0.10364429745562033,0
726,0,3,0,0.24604171902488062,0,0,0.016908073949327893,0
727,1,2,1,0.37170143252073384,3,0,0.04098927018018883,0
728,1,3,1,0.36793164111585824,0,0,0.015102594191391004,2
729,0,2,0,0.3088715757728072,1,0,0.050748620223090936,0
730,0,3,1,0.3088715757728072,1,0,0.015468569817999833,0
731,1,1,1,0.35913546117114853,0,0,0.41250332793836464,0
732,0,3,0,0.1329479768786127,0,0,0.036670757786204655,1
733,0,2,0,0.36793164111585824,0,0,0.0,0
734,0,2,0,0.2837396330736366,0,0,0.025374310111545468,0
735,0,2,0,0.2837396330736366,0,0,0.025374310111545468,0
736,0,3,0,0.35285247549635584,0,0,0.031425107138144774,0
737,0,3,1,0.5978889168132697,1,3,0.06709553154495196,0
738,1,1,0,0.4345312892686604,0,0,1.0,1
739,0,3,0,0.36793164111585824,0,0,0.015411575213749286,0
740,0,3,0,0.36793164111585824,0,0,0.015411575213749286,0
741,1,1,0,0.36793164111585824,0,0,0.05855610025741262,0
742,0,1,0,0.4470972606182458,1,0,0.15390495017656614,0
743,1,1,1,0.2586076903744659,2,2,0.5121218935012878,1
744,0,3,0,0.2963056044232219,1,0,0.031425107138144774,0
745,1,3,0,0.38426740387031916,0,0,0.015468569817999833,0
746,0,1,0,0.8743402865041467,1,1,0.13858277060920987,0
747,0,3,0,0.19577783362653933,1,1,0.03952536767375352,0
748,1,2,1,0.37170143252073384,0,0,0.025374310111545468,0
749,0,1,0,0.2334757476752953,1,0,0.10364429745562033,0
750,0,3,0,0.38426740387031916,0,0,0.015126992566498259,2
751,1,2,1,0.04498617743151546,1,1,0.044893010197349675,0
752,1,3,0,0.0701181201306861,0,1,0.024349578357040744,0
753,0,3,0,0.4093993465694898,0,0,0.018542765081513996,0
754,0,3,0,0.2837396330736366,0,0,0.015411575213749286,0
755,1,2,1,0.5978889168132697,1,2,0.12687155055772734,0
756,1,2,0,0.003141492837396331,1,1,0.028302115124416098,0
757,0,3,0,0.34656948982156316,0,0,0.015216388212891242,0
758,0,2,0,0.22090977632571,0,0,0.022446505098674838,0
759,0,3,0,0.4219653179190751,0,0,0.015712553569072387,0
760,1,1,1,0.4093993465694898,0,0,0.16883675574220638,0
761,0,3,0,0.36793164111585824,0,0,0.028302115124416098,0
762,0,3,0,0.5099271173661725,0,0,0.013907073811135496,0
763,1,3,0,0.24604171902488062,0,0,0.014110458666029575,1
764,1,1,1,0.4470972606182458,1,2,0.23422440102965048,0
765,0,3,0,0.19577783362653933,0,0,0.015175789316712771,0
766,1,1,1,0.6355868308620256,1,0,0.15216446768991498,0
767,0,1,0,0.36793164111585824,0,0,0.07729405233978466,1
768,0,3,1,0.3779844181955265,0,0,0.015126992566498259,2
769,0,3,0,0.36793164111585824,1,0,0.04713766070721715,2
770,0,3,0,0.39683337521990447,0,0,0.016322512946753766,0
771,0,3,0,0.2963056044232219,0,0,0.018542765081513996,0
772,0,3,0,0.5978889168132697,0,0,0.015330377421392339,0
773,0,2,1,0.7109826589595376,0,0,0.020494635090094415,0
774,0,3,0,0.36793164111585824,0,0,0.014102260811993537,1
775,1,2,1,0.6732847449107816,1,3,0.044893010197349675,0
776,0,3,0,0.22090977632571,0,0,0.015126992566498259,0
777,0,3,0,0.36793164111585824,0,0,0.015126992566498259,2
778,1,3,1,0.05755214878110078,0,0,0.024349578357040744,0
779,0,3,0,0.36793164111585824,0,0,0.015102594191391004,2
780,1,1,1,0.5350590600653431,0,1,0.41250332793836464,0
781,1,3,1,0.15807991957778336,0,0,0.014110458666029575,1
782,1,1,1,0.20834380497612465,1,0,0.11125659048908397,0
783,0,1,0,0.35913546117114853,0,0,0.05855610025741262,0
784,0,3,0,0.36793164111585824,1,2,0.04577135170121086,0
785,0,3,0,0.3088715757728072,0,0,0.013760683560491965,0
786,0,3,0,0.3088715757728072,0,0,0.014151057562208049,0
787,1,3,1,0.22090977632571,0,0,0.014630827210317117,0
788,0,3,0,0.09525006282985675,4,1,0.05684821399990475,2
789,1,3,0,0.007288263382759488,1,2,0.04015972542654215,0
790,0,1,0,0.5727569741140991,0,0,0.15458810467956932,1
791,0,3,0,0.36793164111585824,0,0,0.015126992566498259,2
792,0,2,0,0.19577783362653933,0,0,0.050748620223090936,0
793,0,3,1,0.36793164111585824,8,2,0.13575255909676825,0
794,0,1,0,0.36793164111585824,0,0,0.05991421140938287,1
795,0,3,0,0.3088715757728072,0,0,0.015411575213749286,0
796,0,2,0,0.4847951746670017,0,0,0.025374310111545468,0
797,1,1,1,0.610454888162855,0,0,0.050610427826483444,0
798,1,3,1,0.38426740387031916,0,0,0.016948672845506364,0
799,0,3,0,0.37170143252073384,0,0,0.014110458666029575,1
800,0,3,1,0.37170143252073384,1,1,0.04713766070721715,0
801,0,2,0,0.4219653179190751,0,0,0.025374310111545468,0
802,1,2,1,0.38426740387031916,1,1,0.05123658772523604,0
803,1,1,0,0.1329479768786127,1,2,0.23422440102965048,0
804,1,3,0,0.0,0,1,0.016623491302076868,1
805,1,3,0,0.33400351847197784,0,0,0.013614293309848433,0
806,0,3,0,0.38426740387031916,0,0,0.015175789316712771,0
807,0,1,0,0.4847951746670017,0,0,0.0,0
808,0,3,1,0.22090977632571,0,0,0.015175789316712771,0
809,0,2,0,0.4847951746670017,0,0,0.025374310111545468,0
810,1,1,1,0.4093993465694898,1,0,0.10364429745562033,0
811,0,3,0,0.32143754712239253,0,0,0.015395374692678068,0
812,0,3,0,0.4847951746670017,0,0,0.04713766070721715,0
813,0,2,0,0.4345312892686604,0,0,0.020494635090094415,0
814,0,3,1,0.0701181201306861,4,2,0.06104473451835265,0
815,0,3,0,0.3779844181955265,0,0,0.015712553569072387,0
816,0,1,0,0.36793164111585824,0,0,0.0,0
817,0,3,1,0.2837396330736366,0,0,0.015468569817999833,0
818,0,2,0,0.38426740387031916,1,1,0.07222738817151159,1
819,0,3,0,0.5350590600653431,0,0,0.012589561555343713,0
820,0,3,0,0.12038200552902739,3,2,0.05445717323939373,0
821,1,1,1,0.648152802211611,1,1,0.18249984580226933,0
822,1,3,0,0.33400351847197784,0,0,0.016908073949327893,0
823,0,1,0,0.4722292033174164,0,0,0.0,0
824,1,3,1,0.33400351847197784,0,1,0.024349578357040744,0
825,0,3,0,0.01985423473234481,4,1,0.07746484096553544,0
826,0,3,0,0.36793164111585824,0,0,0.013565496559633922,2
827,0,3,0,0.36793164111585824,0,0,0.11027245763075773,0
828,1,2,0,0.007288263382759488,0,2,0.07222738817151159,1
829,1,3,0,0.36793164111585824,0,0,0.015126992566498259,2
830,1,1,1,0.7738125157074642,0,0,0.15614960068643363,0
831,1,3,1,0.18321186227695402,1,0,0.028212719478023115,1
832,1,2,0,0.005152048253329982,1,1,0.03659756266088288,0
833,0,3,0,0.36793164111585824,0,0,0.014110458666029575,1
834,0,3,0,0.2837396330736366,0,0,0.015330377421392339,0
835,0,3,0,0.22090977632571,0,0,0.016200521071217493,0
836,1,1,1,0.4847951746670017,1,1,0.16231419173453318,1
837,0,3,0,0.2586076903744659,0,0,0.016908073949327893,0
838,0,3,0,0.36793164111585824,0,0,0.015712553569072387,0
839,1,3,0,0.39683337521990447,0,0,0.11027245763075773,0
840,1,1,0,0.36793164111585824,0,0,0.057970539254838485,1
841,0,3,0,0.24604171902488062,0,0,0.015468569817999833,0
842,0,2,0,0.19577783362653933,0,0,0.020494635090094415,0
843,1,1,1,0.37170143252073384,0,0,0.060507970265993034,1
844,0,3,0,0.4282483035938678,0,0,0.012565163180236457,1
845,0,3,0,0.20834380497612465,0,0,0.016908073949327893,0
846,0,3,0,0.5224930887157577,0,0,0.014736618564782174,0
847,0,3,0,0.36793164111585824,8,2,0.13575255909676825,0
848,0,3,0,0.4345312892686604,0,0,0.015411575213749286,1
849,0,2,0,0.34656948982156316,0,1,0.06441171028315387,0
850,1,1,1,0.36793164111585824,1,0,0.17391981561855152,1
851,0,3,0,0.04498617743151546,4,2,0.06104473451835265,0
852,0,3,0,0.9246041719024881,0,0,0.015175789316712771,0
853,0,3,1,0.10781603417944208,1,1,0.029757819776815374,1
854,1,1,1,0.19577783362653933,0,1,0.07690367833806856,0
855,0,2,1,0.5476250314149284,1,0,0.050748620223090936,0
856,1,3,1,0.22090977632571,0,1,0.018249984580226933,0
857,1,1,1,0.5601910027645137,1,1,0.32179836714362564,0
858,1,1,0,0.6355868308620256,0,0,0.051822148727810165,0
859,1,3,1,0.2963056044232219,0,3,0.03758969818624431,1
860,0,3,0,0.36793164111585824,0,0,0.014110458666029575,1
861,0,3,0,0.5099271173661725,2,0,0.027537567642055148,0
862,0,2,0,0.2586076903744659,1,0,0.022446505098674838,0
863,1,1,1,0.5978889168132697,0,0,0.050610427826483444,0
864,0,3,1,0.36793164111585824,8,2,0.13575255909676825,0
865,0,2,0,0.2963056044232219,0,0,0.025374310111545468,0
866,1,2,1,0.5224930887157577,0,0,0.025374310111545468,0
867,1,2,1,0.33400351847197784,1,0,0.027049600139910042,1
868,0,1,0,0.38426740387031916,0,0,0.09856123757927521,0
869,0,3,0,0.36793164111585824,0,0,0.018542765081513996,0
870,1,3,0,0.04498617743151546,1,1,0.021730754366528396,0
871,0,3,0,0.32143754712239253,0,0,0.015411575213749286,0
872,1,1,1,0.5853229454636844,1,1,0.10257896680493714,0
873,0,1,0,0.4093993465694898,0,0,0.009759350042902102,0
874,0,3,0,0.5853229454636844,0,0,0.017566830077223785,0
875,1,2,1,0.34656948982156316,1,0,0.04684488020593009,1
876,1,3,1,0.18321186227695402,0,0,0.014102260811993537,1
877,0,3,0,0.24604171902488062,0,0,0.019217721730481106,0
878,0,3,0,0.2334757476752953,0,0,0.015411575213749286,0
879,0,3,0,0.36793164111585824,0,0,0.015411575213749286,0
880,1,1,1,0.6984166876099522,0,1,0.16231419173453318,1
881,1,2,1,0.3088715757728072,0,1,0.050748620223090936,0
882,0,3,0,0.4093993465694898,0,0,0.015411575213749286,0
883,0,3,1,0.2711736617240512,0,0,0.02052723131923771,0
884,0,2,0,0.34656948982156316,0,0,0.020494635090094415,0
885,0,3,0,0.3088715757728072,0,0,0.013760683560491965,0
886,0,3,1,0.4847951746670017,0,5,0.05684821399990475,2
887,0,2,0,0.33400351847197784,0,0,0.025374310111545468,0
888,1,1,1,0.2334757476752953,0,0,0.05855610025741262,0
889,0,3,1,0.36793164111585824,1,2,0.04577135170121086,0
890,1,1,0,0.32143754712239253,0,0,0.05855610025741262,1
891,0,3,0,0.39683337521990447,0,0,0.015126992566498259,2
