PassengerId,Pclass,Sex,Age,SibSp,Parch,Fare,Embarked
1,3,0,0.2711736617240512,1,0,0.014151057562208047,0
2,1,1,0.4722292033174164,1,0,0.13913573538264068,1
3,3,1,0.3214375471223925,0,0,0.01546856981799983,0
4,1,1,0.4345312892686604,1,0,0.10364429745562033,0
5,3,0,0.4345312892686604,0,0,0.015712553569072387,0
6,3,0,0.36793164111585824,0,0,0.016509502093575767,2
7,1,0,0.6732847449107816,0,0,0.10122885832000206,0
8,3,0,0.019854234732344808,3,1,0.04113566043083236,0
9,3,1,0.33400351847197784,0,2,0.0217307543665284,0
10,2,1,0.17064589092736868,1,0,0.0586942926540201,1
11,3,1,0.044986177431515464,1,1,0.03259622914329302,0
12,1,1,0.723548630309123,0,0,0.05182214872781017,0
13,3,0,0.24604171902488065,0,0,0.015712553569072387,0
14,3,0,0.4847951746670017,1,5,0.06104473451835265,0
15,3,1,0.17064589092736868,0,0,0.01533037742139234,0
16,2,1,0.6858507162603671,0,0,0.031229920137286732,0
17,3,0,0.019854234732344808,4,1,0.05684821399990475,2
18,2,0,0.36793164111585824,0,0,0.025374310111545468,0
19,3,1,0.3842674038703192,1,0,0.03513366015444757,0
20,3,1,0.36793164111585824,0,0,0.014102260811993537,1
21,2,0,0.4345312892686604,0,0,0.050748620223090936,0
22,2,0,0.4219653179190751,0,0,0.025374310111545468,0
23,3,1,0.183211862276954,0,0,0.015671954672893913,2
24,1,0,0.3465694898215632,0,0,0.06929138530460494,0
25,3,1,0.09525006282985676,3,1,0.04113566043083236,0
26,3,1,0.4722292033174164,1,5,0.06126431989431795,0
27,3,0,0.36793164111585824,0,0,0.014102260811993537,1
28,1,0,0.2334757476752953,3,2,0.5133418122566507,0
29,3,1,0.36793164111585824,0,0,0.01537917417160685,2
30,3,0,0.36793164111585824,0,0,0.015411575213749288,0
31,1,0,0.497361146016587,0,0,0.05410739813385612,1
32,1,1,0.36793164111585824,1,0,0.2859895551532101,1
33,3,1,0.36793164111585824,0,0,0.015126992566498259,2
34,2,0,0.8240764011058055,0,0,0.02049463509009441,0
35,1,0,0.3465694898215632,1,0,0.16038672010106006,1
36,1,0,0.5224930887157577,1,0,0.10149724044618187,0
37,3,0,0.36793164111585824,0,0,0.014110458666029575,1
38,3,0,0.2586076903744659,0,0,0.015712553569072387,0
39,3,1,0.22090977632571002,2,0,0.03513366015444757,0
40,3,1,0.17064589092736868,1,0,0.021942337075458517,1
41,3,1,0.497361146016587,1,0,0.018493968331299484,0
42,2,1,0.33400351847197784,1,0,0.04098927018018883,0
43,3,0,0.36793164111585824,0,0,0.015411575213749288,1
44,2,1,0.032420206081930136,1,2,0.08115719346076702,1
45,3,1,0.2334757476752953,0,0,0.01537917417160685,2
46,3,0,0.36793164111585824,0,0,0.015712553569072387,0
47,3,0,0.36793164111585824,1,0,0.030253985132996517,2
48,3,1,0.36793164111585824,0,0,0.015126992566498259,2
49,3,0,0.36793164111585824,2,0,0.042314980290016665,1
50,3,1,0.22090977632571002,1,0,0.03474328615273148,0
51,3,0,0.08268409148027142,4,1,0.07746484096553544,0
52,3,0,0.2586076903744659,0,0,0.015224586066927281,0
53,1,1,0.610454888162855,1,0,0.1497654242623688,1
54,2,1,0.3591354611711485,1,0,0.050748620223090936,0
55,1,0,0.8115104297562202,0,1,0.1209753416358076,1
56,1,0,0.36793164111585824,0,0,0.06929138530460494,0
57,2,1,0.2586076903744659,0,0,0.02049463509009441,0
58,3,0,0.35285247549635584,0,0,0.014110458666029575,1
59,2,1,0.05755214878110077,1,2,0.05416439273810667,0
60,3,0,0.1329479768786127,5,2,0.09154270340242172,0
61,3,0,0.2711736617240512,0,0,0.014110458666029575,1
62,1,1,0.4722292033174164,0,0,0.15614960068643366,0
63,1,0,0.5601910027645137,1,0,0.16293234896625058,0
64,3,0,0.044986177431515464,3,2,0.05445717323939373,0
65,1,0,0.36793164111585824,0,0,0.05410739813385612,1
66,3,0,0.36793164111585824,1,1,0.029757819776815374,1
67,2,1,0.3591354611711485,0,0,0.02049463509009441,0
68,3,0,0.2334757476752953,0,0,0.015923941091001644,0
69,3,1,0.20834380497612465,4,2,0.01546856981799983,0
70,3,0,0.3214375471223925,2,0,0.01690807394932789,0
71,2,0,0.3968333752199045,0,0,0.02049463509009441,0
72,3,1,0.19577783362653933,5,2,0.09154270340242172,0
73,2,0,0.2586076903744659,0,0,0.1434624456306609,0
74,3,0,0.3214375471223925,1,0,0.02821271947802312,1
75,3,0,0.3968333752199045,0,0,0.11027245763075773,0
76,3,0,0.3088715757728072,0,0,0.014931805565640218,0
77,3,0,0.36793164111585824,0,0,0.015411575213749288,0
78,3,0,0.36793164111585824,0,0,0.015712553569072387,0
79,2,0,0.005152048253329982,0,2,0.0566042302488322,0
80,3,1,0.37170143252073373,0,0,0.024349578357040744,0
81,3,0,0.2711736617240512,0,0,0.017566830077223785,0
82,3,0,0.3591354611711485,0,0,0.018542765081514,0
83,3,1,0.36793164111585824,0,0,0.015200187691820025,2
84,1,0,0.3465694898215632,0,0,0.0919330774041378,0
85,2,1,0.20834380497612465,0,0,0.02049463509009441,0
86,3,1,0.4093993465694898,3,0,0.03093713963599966,0
87,3,0,0.19577783362653933,1,3,0.06709553154495196,0
88,3,0,0.36793164111585824,0,0,0.015712553569072387,0
89,1,1,0.2837396330736366,3,2,0.5133418122566507,0
90,3,0,0.2963056044232219,0,0,0.015712553569072387,0
91,3,0,0.3591354611711485,0,0,0.015712553569072387,0
92,3,0,0.24604171902488065,0,0,0.01533037742139234,0
93,1,0,0.5727569741140991,1,0,0.11940564777490725,0
94,3,0,0.3214375471223925,1,2,0.04015972542654215,0
95,3,0,0.7361146016587082,0,0,0.014151057562208047,0
96,3,0,0.36793164111585824,0,0,0.015712553569072387,0
97,1,0,0.8869062578537321,0,0,0.06764049365134761,1
98,1,0,0.2837396330736366,0,1,0.12366716556464084,1
99,2,1,0.4219653179190751,0,1,0.04489301019734968,0
100,2,0,0.4219653179190751,1,0,0.050748620223090936,0
101,3,1,0.3465694898215632,0,0,0.015411575213749288,0
102,3,0,0.36793164111585824,0,0,0.015411575213749288,0
103,1,0,0.2586076903744659,0,1,0.15085515328815924,0
104,3,0,0.4093993465694898,0,0,0.016891873428256675,0
105,3,0,0.4596632319678311,2,0,0.01546856981799983,0
106,3,0,0.3465694898215632,0,0,0.015411575213749288,0
107,3,1,0.2586076903744659,0,0,0.014931805565640218,0
108,3,0,0.36793164111585824,0,0,0.015175789316712773,0
109,3,0,0.4722292033174164,0,0,0.015411575213749288,0
110,3,1,0.36793164111585824,1,0,0.04713766070721715,2
111,1,0,0.5853229454636844,0,0,0.10149724044618187,0
112,3,1,0.17692887660216136,1,0,0.02821271947802312,1
113,3,0,0.2711736617240512,0,0,0.015712553569072387,0
114,3,1,0.24604171902488065,1,0,0.019177122834302632,0
115,3,1,0.20834380497612465,0,0,0.02822072214505829,1
116,3,0,0.2586076903744659,0,0,0.01546856981799983,0
117,3,0,0.8806232721789394,0,0,0.015126992566498259,2
118,2,0,0.3591354611711485,1,0,0.04098927018018883,0
119,1,0,0.2963056044232219,0,1,0.4831284260198326,1
120,3,1,0.019854234732344808,4,2,0.06104473451835265,0
121,2,0,0.2586076903744659,2,0,0.1434624456306609,0
122,3,0,0.36793164111585824,0,0,0.015712553569072387,0
123,2,0,0.4031163608946972,1,0,0.0586942926540201,1
124,2,1,0.4031163608946972,0,0,0.025374310111545468,0
125,1,0,0.6732847449107816,0,1,0.15085515328815924,0
126,3,0,0.14551394822819805,1,0,0.021942337075458517,1
127,3,0,0.36793164111585824,0,0,0.015126992566498259,2
128,3,0,0.2963056044232219,0,0,0.01393967004027879,0
129,3,1,0.36793164111585824,1,1,0.04364049521284362,1
130,3,0,0.5601910027645137,0,0,0.013614293309848431,0
131,3,0,0.4093993465694898,0,0,0.015411575213749288,1
132,3,0,0.24604171902488065,0,0,0.013760683560491965,0
133,3,1,0.5853229454636844,1,0,0.028302115124416095,0
134,2,1,0.3591354611711485,1,0,0.050748620223090936,0
135,2,0,0.3088715757728072,0,0,0.025374310111545468,0
136,2,0,0.2837396330736366,0,0,0.029367445775099286,1
137,1,1,0.2334757476752953,0,2,0.05130158499652177,0
138,1,0,0.4596632319678311,1,0,0.10364429745562033,0
139,3,0,0.19577783362653933,0,0,0.01798980030808316,0
140,1,0,0.2963056044232219,0,0,0.15458810467956932,1
141,3,1,0.36793164111585824,0,2,0.029757819776815374,1
142,3,1,0.2711736617240512,0,0,0.015126992566498259,0
143,3,1,0.2963056044232219,1,0,0.03093713963599966,0
144,3,0,0.2334757476752953,0,0,0.013175122557917838,2
145,2,0,0.22090977632571002,0,0,0.02244650509867484,0
146,2,0,0.2334757476752953,1,1,0.07173122281533045,0
147,3,0,0.33400351847197784,0,0,0.01521638821289124,0
148,3,1,0.10781603417944208,2,2,0.06709553154495196,0
149,2,0,0.4533802462930384,0,2,0.050748620223090936,0
150,2,0,0.5224930887157577,0,0,0.025374310111545468,0
151,2,0,0.6355868308620256,0,0,0.02444717185746977,0
152,1,1,0.2711736617240512,1,0,0.12999454257145598,0
153,3,0,0.6921337019351597,0,0,0.015712553569072387,0
154,3,0,0.5036441316913798,0,2,0.028302115124416095,0
155,3,0,0.36793164111585824,0,0,0.014273049437744325,0
156,1,0,0.6355868308620256,0,1,0.11980421963065935,1
157,3,1,0.19577783362653933,0,0,0.015094396337354966,2
158,3,0,0.37170143252073373,0,0,0.015712553569072387,0
159,3,0,0.36793164111585824,0,0,0.01690807394932789,0
160,3,0,0.36793164111585824,8,2,0.13575255909676825,0
161,3,0,0.5476250314149284,0,1,0.031425107138144774,0
162,2,1,0.497361146016587,0,0,0.030741952635141626,0
163,3,0,0.3214375471223925,0,0,0.015175789316712773,0
164,3,0,0.20834380497612465,0,0,0.01690807394932789,0
165,3,0,0.007288263382759488,4,1,0.07746484096553544,0
166,3,0,0.10781603417944208,0,2,0.04006213192611313,0
167,1,1,0.36793164111585824,0,1,0.10735285047192313,0
168,3,1,0.5601910027645137,1,4,0.05445717323939373,0
169,1,0,0.36793164111585824,0,0,0.050602229972447406,0
170,3,0,0.3465694898215632,0,0,0.11027245763075773,0
171,1,0,0.7612465443578789,0,0,0.06538764528744409,0
172,3,0,0.044986177431515464,4,1,0.05684821399990475,2
173,3,1,0.007288263382759488,1,1,0.0217307543665284,0
174,3,0,0.2586076903744659,0,0,0.01546856981799983,0
175,1,0,0.6984166876099522,0,0,0.05991421140938288,1
176,3,0,0.22090977632571002,1,1,0.01533037742139234,0
177,3,0,0.36793164111585824,3,1,0.049707687947515,0
178,1,1,0.6230208595124404,0,0,0.056043067621365315,1
179,2,0,0.37170143252073373,0,0,0.025374310111545468,0
180,3,0,0.4470972606182458,0,0,0.0,0
181,3,1,0.36793164111585824,8,2,0.13575255909676825,0
182,2,0,0.36793164111585824,0,0,0.02937564362913533,1
183,3,0,0.10781603417944208,4,2,0.06126431989431795,0
184,2,0,0.007288263382759488,2,1,0.07612293033463641,0
185,3,1,0.044986177431515464,0,2,0.042989936938983765,0
186,1,0,0.36793164111585824,0,0,0.09759350042902104,0
187,3,1,0.36793164111585824,1,0,0.030253985132996517,2
188,1,0,0.5601910027645137,0,0,0.05182214872781017,0
189,3,0,0.497361146016587,1,1,0.030253985132996517,2
190,3,0,0.4470972606182458,0,0,0.015411575213749288,0
191,2,1,0.3968333752199045,0,0,0.025374310111545468,0
192,2,0,0.2334757476752953,0,0,0.025374310111545468,0
193,3,1,0.2334757476752953,1,0,0.01533037742139234,0
194,2,0,0.032420206081930136,1,1,0.050748620223090936,0
195,1,1,0.5476250314149284,0,0,0.05410739813385612,1
196,1,1,0.723548630309123,0,0,0.2859895551532101,1
197,3,0,0.36793164111585824,0,0,0.015126992566498259,2
198,3,0,0.5224930887157577,0,1,0.01640390592611157,0
199,3,1,0.36793164111585824,0,0,0.015126992566498259,2
200,2,1,0.2963056044232219,0,0,0.025374310111545468,0
201,3,0,0.3465694898215632,0,0,0.018542765081514,0
202,3,0,0.36793164111585824,8,2,0.13575255909676825,0
203,3,0,0.4219653179190751,0,0,0.012678957201736696,0
204,3,0,0.5664739884393064,0,0,0.014102260811993537,1
205,3,0,0.22090977632571002,0,0,0.015712553569072387,0
206,3,1,0.019854234732344808,0,1,0.02042143996477265,0
207,3,0,0.3968333752199045,1,0,0.03093713963599966,0
208,3,0,0.3214375471223925,0,0,0.036670757786204655,1
209,3,1,0.19577783362653933,0,0,0.015126992566498259,2
210,1,0,0.497361146016587,0,0,0.060507970265993034,1
211,3,0,0.2963056044232219,0,0,0.013760683560491965,0
212,2,1,0.4345312892686604,0,0,0.04098927018018883,0
213,3,0,0.2711736617240512,0,0,0.014151057562208047,0
214,2,0,0.37170143252073373,0,0,0.025374310111545468,0
215,3,0,0.36793164111585824,1,0,0.015126992566498259,2
216,1,1,0.3842674038703192,1,0,0.22109807522194716,1
217,3,1,0.33400351847197784,0,0,0.01546856981799983,0
218,2,0,0.5224930887157577,1,0,0.05270049023167135,0
219,1,1,0.3968333752199045,0,0,0.14891148113361488,1
220,2,0,0.37170143252073373,0,0,0.02049463509009441,0
221,3,0,0.19577783362653933,0,0,0.015712553569072387,0
222,2,0,0.33400351847197784,0,0,0.025374310111545468,0
223,3,0,0.6355868308620256,0,0,0.015712553569072387,0
224,3,0,0.36793164111585824,0,0,0.015411575213749288,0
225,1,0,0.4722292033174164,1,0,0.17566830077223786,0
226,3,0,0.2711736617240512,0,0,0.018249984580226933,0
227,2,0,0.2334757476752953,0,0,0.02049463509009441,0
228,3,0,0.2523247046996733,0,0,0.014151057562208047,0
229,2,0,0.22090977632571002,0,0,0.025374310111545468,0
230,3,1,0.36793164111585824,3,1,0.049707687947515,0
231,1,1,0.4345312892686604,1,0,0.16293234896625058,0
232,3,0,0.3591354611711485,0,0,0.015175789316712773,0
233,2,0,0.7361146016587082,0,0,0.026350245115835683,0
234,3,1,0.05755214878110077,4,2,0.06126431989431795,0
235,2,0,0.2963056044232219,0,0,0.02049463509009441,0
236,3,1,0.36793164111585824,0,0,0.014736618564782176,0
237,2,0,0.5476250314149284,1,0,0.050748620223090936,0
238,2,1,0.09525006282985676,0,2,0.05123658772523604,0
239,2,0,0.2334757476752953,0,0,0.02049463509009441,0
240,2,0,0.4093993465694898,0,0,0.023959204355324663,0
241,3,1,0.36793164111585824,1,0,0.02821271947802312,1
242,3,1,0.36793164111585824,1,0,0.030253985132996517,2
243,2,0,0.3591354611711485,0,0,0.02049463509009441,0
244,3,0,0.2711736617240512,0,0,0.013907073811135495,0
245,3,0,0.37170143252073373,0,0,0.014102260811993537,1
246,1,0,0.5476250314149284,2,0,0.17566830077223786,2
247,3,1,0.3088715757728072,0,0,0.015175789316712773,0
248,2,1,0.2963056044232219,0,2,0.028302115124416095,0
249,1,0,0.4596632319678311,1,1,0.10257896680493714,0
250,2,0,0.6732847449107816,1,0,0.050748620223090936,0
251,3,0,0.36793164111585824,0,0,0.014151057562208047,0
252,3,1,0.3591354611711485,1,1,0.02042143996477265,0
253,1,0,0.7738125157074642,0,0,0.05182214872781017,0
254,3,0,0.37170143252073373,1,0,0.031425107138144774,0
255,3,1,0.5099271173661725,0,2,0.03945217254843175,0
256,3,1,0.3591354611711485,0,2,0.029757819776815374,1
257,1,1,0.36793164111585824,0,0,0.15458810467956932,1
258,1,1,0.37170143252073373,0,0,0.16883675574220638,0
259,1,1,0.4345312892686604,0,0,1.0,1
260,2,1,0.6230208595124404,0,1,0.050748620223090936,0
261,3,0,0.36793164111585824,0,0,0.015126992566498259,2
262,3,0,0.032420206081930136,4,2,0.06126431989431795,0
263,1,0,0.648152802211611,1,1,0.1554664461834305,0
264,1,0,0.497361146016587,0,0,0.0,0
265,3,1,0.36793164111585824,0,0,0.015126992566498259,2
266,2,0,0.4470972606182458,0,0,0.02049463509009441,0
267,3,0,0.19577783362653933,4,1,0.07746484096553544,0
268,3,0,0.3088715757728072,1,0,0.015175789316712773,0
269,1,1,0.723548630309123,0,1,0.2995388511917728,0
270,1,1,0.4345312892686604,0,0,0.2647385704347907,0
271,1,0,0.36793164111585824,0,0,0.060507970265993034,0
272,3,0,0.3088715757728072,0,0,0.0,0
273,2,1,0.5099271173661725,0,1,0.038061465167318204,0
274,1,0,0.4596632319678311,0,1,0.057970539254838485,1
275,3,1,0.36793164111585824,0,0,0.015126992566498259,2
276,1,1,0.7863784870570495,1,0,0.15216446768991498,0
277,3,1,0.5601910027645137,0,0,0.015126992566498259,0
278,2,0,0.36793164111585824,0,0,0.0,0
279,3,0,0.08268409148027142,4,1,0.05684821399990475,2
280,3,1,0.4345312892686604,1,1,0.03952536767375352,0
281,3,0,0.8115104297562202,0,0,0.015126992566498259,2
282,3,0,0.3465694898215632,0,0,0.01533037742139234,0
283,3,0,0.19577783362653933,0,0,0.018542765081514,0
284,3,0,0.2334757476752953,0,0,0.015712553569072387,0
285,1,0,0.36793164111585824,0,0,0.050748620223090936,0
286,3,0,0.4093993465694898,0,0,0.01690807394932789,1
287,3,0,0.37170143252073373,0,0,0.018542765081514,0
288,3,0,0.2711736617240512,0,0,0.015411575213749288,0
289,2,0,0.5224930887157577,0,0,0.025374310111545468,0
290,3,1,0.2711736617240512,0,0,0.015126992566498259,2
291,1,1,0.3214375471223925,0,0,0.15390495017656616,0
292,1,1,0.2334757476752953,1,0,0.17777475888549785,1
293,2,0,0.4470972606182458,0,0,0.025130326360472917,1
294,3,1,0.2963056044232219,0,0,0.017274049575936718,0
295,3,0,0.2963056044232219,0,0,0.015411575213749288,0
296,1,0,0.36793164111585824,0,0,0.05410739813385612,1
297,3,0,0.2900226187484292,0,0,0.014110458666029575,1
298,1,1,0.019854234732344808,1,2,0.2958058998003628,0
299,1,0,0.36793164111585824,0,0,0.05953203526170282,0
300,1,1,0.6230208595124404,0,1,0.4831284260198326,1
301,3,1,0.36793164111585824,0,0,0.015126992566498259,2
302,3,0,0.36793164111585824,2,0,0.045380977699494784,2
303,3,0,0.2334757476752953,0,0,0.0,0
304,2,1,0.36793164111585824,0,0,0.024105594605968197,2
305,3,0,0.36793164111585824,0,0,0.015712553569072387,0
306,1,0,0.006282985674792663,1,2,0.2958058998003628,0
307,1,1,0.36793164111585824,0,0,0.21642978772242533,1
308,1,1,0.20834380497612465,1,0,0.2125586439344078,1
309,2,0,0.37170143252073373,1,0,0.04684488020593009,1
310,1,1,0.37170143252073373,0,0,0.11111839809247648,1
311,1,1,0.2963056044232219,0,0,0.16231419173453318,1
312,1,1,0.22090977632571002,2,2,0.5121218935012878,1
313,2,1,0.3214375471223925,1,1,0.050748620223090936,0
314,3,0,0.3465694898215632,0,0,0.015411575213749288,0
315,2,0,0.5350590600653431,1,1,0.05123658772523604,0
316,3,1,0.3214375471223925,0,0,0.01533037742139234,0
317,2,1,0.2963056044232219,1,0,0.050748620223090936,0
318,2,0,0.6732847449107816,0,0,0.027326180120125887,0
319,1,1,0.3842674038703192,0,2,0.32179836714362564,0
320,1,1,0.497361146016587,1,1,0.2625265161540666,1
321,3,0,0.2711736617240512,0,0,0.014151057562208047,0
322,3,0,0.33400351847197784,0,0,0.015411575213749288,0
323,2,1,0.37170143252073373,0,0,0.024105594605968197,2
324,2,1,0.2711736617240512,1,1,0.0566042302488322,0
325,3,0,0.36793164111585824,8,2,0.13575255909676825,0
326,1,1,0.4470972606182458,0,0,0.2647385704347907,1
327,3,0,0.7612465443578789,0,0,0.012174789178520372,0
328,2,1,0.4470972606182458,0,0,0.025374310111545468,0
329,3,1,0.3842674038703192,1,1,0.04006213192611313,0
330,1,1,0.19577783362653933,0,1,0.11316786160148593,1
331,3,1,0.36793164111585824,2,0,0.045380977699494784,2
332,1,0,0.5664739884393064,0,0,0.05562829524454199,0
333,1,0,0.4722292033174164,0,1,0.2995388511917728,0
334,3,0,0.19577783362653933,2,0,0.03513366015444757,0
335,1,1,0.36793164111585824,1,0,0.2608674266467732,0
336,3,0,0.36793164111585824,0,0,0.015411575213749288,0
337,1,0,0.3591354611711485,1,0,0.12999454257145598,0
338,1,1,0.5099271173661725,0,0,0.2625265161540666,1
339,3,0,0.5601910027645137,0,0,0.015712553569072387,0
340,1,0,0.5601910027645137,0,0,0.06929138530460494,0
341,2,0,0.019854234732344808,1,1,0.050748620223090936,0
342,1,1,0.2963056044232219,3,2,0.5133418122566507,0
343,2,0,0.3465694898215632,0,0,0.025374310111545468,0
344,2,0,0.3088715757728072,0,0,0.025374310111545468,0
345,2,0,0.4470972606182458,0,0,0.025374310111545468,0
346,2,1,0.2963056044232219,0,0,0.025374310111545468,0
347,2,1,0.497361146016587,0,0,0.025374310111545468,0
348,3,1,0.36793164111585824,1,0,0.031425107138144774,0
349,3,0,0.032420206081930136,1,1,0.031034733136428686,0
350,3,0,0.5224930887157577,0,0,0.01690807394932789,0
351,3,0,0.2837396330736366,0,0,0.018006000829154382,0
352,1,0,0.36793164111585824,0,0,0.06831545030031473,0
353,3,0,0.183211862276954,1,1,0.014110458666029575,1
354,3,0,0.3088715757728072,1,0,0.03474328615273148,0
355,3,0,0.36793164111585824,0,0,0.014102260811993537,1
356,3,0,0.3465694898215632,0,0,0.018542765081514,0
357,1,1,0.2711736617240512,0,1,0.10735285047192313,0
358,2,1,0.4722292033174164,0,0,0.025374310111545468,0
359,3,1,0.36793164111585824,0,0,0.01537917417160685,2
360,3,1,0.36793164111585824,0,0,0.01537917417160685,2
361,3,0,0.497361146016587,1,4,0.05445717323939373,0
362,2,0,0.3591354611711485,1,0,0.05410739813385612,1
363,3,1,0.5601910027645137,0,1,0.02821271947802312,1
364,3,0,0.4345312892686604,0,0,0.013760683560491965,0
365,3,0,0.36793164111585824,1,0,0.030253985132996517,2
366,3,0,0.37170143252073373,0,0,0.014151057562208047,0
367,1,1,0.7486805730082936,1,0,0.14687821814567664,1
368,3,1,0.36793164111585824,0,0,0.014110458666029575,1
369,3,1,0.36793164111585824,0,0,0.015126992566498259,2
370,1,1,0.2963056044232219,0,0,0.13526459159462315,1
371,1,0,0.3088715757728072,1,0,0.1082149914547131,1
372,3,0,0.22090977632571002,1,0,0.012678957201736696,0
373,3,0,0.2334757476752953,0,0,0.015712553569072387,0
374,1,0,0.2711736617240512,0,0,0.2647385704347907,1
375,3,1,0.032420206081930136,3,1,0.04113566043083236,0
376,1,1,0.36793164111585824,1,0,0.16038672010106006,1
377,3,1,0.2711736617240512,0,0,0.014151057562208047,0
378,1,0,0.33400351847197784,0,2,0.41282050681475896,1
379,3,0,0.24604171902488065,0,0,0.007831878409428937,1
380,3,0,0.2334757476752953,0,0,0.015175789316712773,0
381,1,1,0.5224930887157577,0,0,0.4440992237022602,1
382,3,1,0.007288263382759488,0,2,0.030725752114070408,1
383,3,0,0.3968333752199045,0,0,0.01546856981799983,0
384,1,1,0.4345312892686604,1,0,0.10149724044618187,0
385,3,0,0.36793164111585824,0,0,0.015411575213749288,0
386,2,0,0.22090977632571002,0,0,0.1434624456306609,0
387,3,0,0.007288263382759488,5,2,0.09154270340242172,0
388,2,1,0.4470972606182458,0,0,0.025374310111545468,0
389,3,0,0.36793164111585824,0,0,0.015086393670319788,2
390,2,1,0.20834380497612465,0,0,0.023422440102965045,1
391,1,0,0.4470972606182458,1,2,0.2342244010296505,0
392,3,0,0.2586076903744659,0,0,0.01521638821289124,0
393,3,0,0.3465694898215632,2,0,0.01546856981799983,0
394,1,1,0.2837396330736366,1,0,0.22109807522194716,1
395,3,1,0.2963056044232219,0,2,0.03259622914329302,0
396,3,0,0.2711736617240512,0,0,0.01521638821289124,0
397,3,1,0.3842674038703192,0,0,0.01533037742139234,0
398,2,0,0.5727569741140991,0,0,0.050748620223090936,0
399,2,0,0.2837396330736366,0,0,0.02049463509009441,0
400,2,1,0.3465694898215632,0,0,0.02469115560854232,0
401,3,0,0.4847951746670017,0,0,0.01546856981799983,0
402,3,0,0.3214375471223925,0,0,0.015712553569072387,0
403,3,1,0.2586076903744659,1,0,0.019177122834302632,0
404,3,0,0.3465694898215632,1,0,0.03093713963599966,0
405,3,1,0.24604171902488065,0,0,0.01690807394932789,0
406,2,0,0.4219653179190751,1,0,0.04098927018018883,0
407,3,0,0.6355868308620256,0,0,0.015126992566498259,0
408,2,0,0.032420206081930136,1,1,0.03659756266088288,0
409,3,0,0.2586076903744659,0,0,0.015175789316712773,0
410,3,1,0.36793164111585824,3,1,0.049707687947515,0
411,3,0,0.36793164111585824,0,0,0.015411575213749288,0
412,3,0,0.36793164111585824,0,0,0.013386510079847098,2
413,1,1,0.4093993465694898,1,0,0.17566830077223786,2
414,2,0,0.36793164111585824,0,0,0.0,0
415,3,0,0.5476250314149284,0,0,0.01546856981799983,0
416,3,1,0.36793164111585824,0,0,0.015712553569072387,0
417,2,1,0.4219653179190751,1,1,0.06343577527886367,0
418,2,1,0.22090977632571002,0,2,0.025374310111545468,0
419,2,0,0.37170143252073373,0,0,0.025374310111545468,0
420,3,1,0.1203820055290274,0,2,0.04713766070721715,0
421,3,0,0.36793164111585824,0,0,0.015411575213749288,1
422,3,0,0.2586076903744659,0,0,0.015094396337354966,2
423,3,0,0.3591354611711485,0,0,0.015370976317570813,0
424,3,1,0.3465694898215632,1,1,0.028106928123558056,0
425,3,0,0.22090977632571002,1,1,0.03945217254843175,0
426,3,0,0.36793164111585824,0,0,0.014151057562208047,0
427,2,1,0.3465694898215632,1,0,0.050748620223090936,0
428,2,1,0.2334757476752953,0,0,0.050748620223090936,0
429,3,0,0.36793164111585824,0,0,0.015126992566498259,2
430,3,0,0.3968333752199045,0,0,0.015712553569072387,0
431,1,0,0.3465694898215632,0,0,0.05182214872781017,0
432,3,1,0.36793164111585824,1,0,0.031425107138144774,0
433,2,1,0.5224930887157577,1,0,0.050748620223090936,0
434,3,0,0.20834380497612465,0,0,0.013907073811135495,0
435,1,0,0.6230208595124404,1,0,0.1091095334796455,0
436,1,1,0.17064589092736868,1,2,0.2342244010296505,0
437,3,1,0.2586076903744659,2,2,0.06709553154495196,0
438,2,1,0.2963056044232219,2,3,0.03659756266088288,0
439,1,0,0.7989444584066349,1,4,0.5133418122566507,0
440,2,0,0.3842674038703192,0,0,0.02049463509009441,0
441,2,1,0.5601910027645137,1,1,0.05123658772523604,0
442,3,0,0.24604171902488065,0,0,0.018542765081514,0
443,3,0,0.3088715757728072,1,0,0.015175789316712773,0
444,2,1,0.3465694898215632,0,0,0.025374310111545468,0
445,3,0,0.36793164111585824,0,0,0.01583454544460866,0
446,1,0,0.044986177431515464,0,2,0.15977676072337862,0
447,2,1,0.15807991957778336,0,1,0.038061465167318204,0
448,1,0,0.4219653179190751,0,0,0.05182214872781017,0
449,3,1,0.05755214878110077,2,1,0.03758969818624431,1
450,1,0,0.648152802211611,0,0,0.05953203526170282,0
451,2,0,0.4470972606182458,1,2,0.05416439273810667,0
452,3,0,0.36793164111585824,1,0,0.03897240290032268,0
453,1,0,0.37170143252073373,0,0,0.05416439273810667,1
454,1,0,0.610454888162855,1,0,0.17391981561855152,1
455,3,0,0.36793164111585824,0,0,0.015712553569072387,0
456,3,0,0.3591354611711485,0,0,0.015411575213749288,1
457,1,0,0.8115104297562202,0,0,0.05182214872781017,0
458,1,1,0.36793164111585824,1,0,0.10122885832000206,0
459,2,1,0.6230208595124404,0,0,0.02049463509009441,0
460,3,0,0.36793164111585824,0,0,0.015126992566498259,2
461,1,0,0.5978889168132697,0,0,0.05182214872781017,0
462,3,0,0.4219653179190751,0,0,0.015712553569072387,0
463,1,0,0.5853229454636844,0,0,0.07514699533034619,0
464,2,0,0.5978889168132697,0,0,0.025374310111545468,0
465,3,0,0.36793164111585824,0,0,0.015712553569072387,0
466,3,0,0.4722292033174164,0,0,0.013760683560491965,0
467,2,0,0.36793164111585824,0,0,0.0,0
468,1,0,0.6984166876099522,0,0,0.05182214872781017,0
469,3,0,0.36793164111585824,0,0,0.015078195816283746,2
470,3,1,0.0041467705453631576,2,1,0.03758969818624431,1
471,3,0,0.36793164111585824,0,0,0.014151057562208047,0
472,3,0,0.4722292033174164,0,0,0.01690807394932789,0
473,2,1,0.4093993465694898,1,2,0.05416439273810667,0
474,2,1,0.2837396330736366,0,0,0.026919605597338588,1
475,3,1,0.2711736617240512,0,0,0.019201521209409888,0
476,1,0,0.36793164111585824,0,0,0.10149724044618187,0
477,2,0,0.4219653179190751,1,0,0.04098927018018883,0
478,3,0,0.3591354611711485,1,0,0.013752485706455929,0
479,3,0,0.2711736617240512,0,0,0.014679623960531627,0
480,3,1,0.019854234732344808,0,1,0.02398360273043192,0
481,3,0,0.10781603417944208,5,2,0.09154270340242172,0
482,2,0,0.36793164111585824,0,0,0.0,0
483,3,0,0.6230208595124404,0,0,0.015712553569072387,0
484,3,1,0.7863784870570495,0,0,0.018713553707264786,0
485,1,0,0.3088715757728072,1,0,0.17777475888549785,1
486,3,1,0.36793164111585824,3,1,0.049707687947515,0
487,1,1,0.4345312892686604,1,0,0.17566830077223786,0
488,1,0,0.723548630309123,0,0,0.057970539254838485,1
489,3,0,0.37170143252073373,0,0,0.015712553569072387,0
490,3,0,0.10781603417944208,1,1,0.031034733136428686,0
491,3,0,0.36793164111585824,1,0,0.03897240290032268,0
492,3,0,0.2586076903744659,0,0,0.014151057562208047,0
493,1,0,0.6858507162603671,0,0,0.05953203526170282,0
494,1,0,0.8869062578537321,0,0,0.09662576327876683,1
495,3,0,0.2586076903744659,0,0,0.015712553569072387,0
496,3,0,0.36793164111585824,0,0,0.02822072214505829,1
497,1,1,0.6732847449107816,1,0,0.1527664244005612,1
498,3,0,0.36793164111585824,0,0,0.02947323712956435,0
499,1,1,0.3088715757728072,1,2,0.2958058998003628,0
500,3,0,0.2963056044232219,0,0,0.01521638821289124,0
501,3,0,0.20834380497612465,0,0,0.01690807394932789,0
502,3,1,0.2586076903744659,0,0,0.015126992566498259,2
503,3,1,0.36793164111585824,0,0,0.014891206669461744,2
504,3,1,0.4596632319678311,0,0,0.018713553707264786,0
505,1,1,0.19577783362653933,0,0,0.16883675574220638,0
506,1,0,0.22090977632571002,1,0,0.2125586439344078,1
507,2,1,0.4093993465694898,0,2,0.050748620223090936,0
508,1,0,0.36793164111585824,0,0,0.05182214872781017,0
509,3,0,0.3465694898215632,0,0,0.04396587194327397,0
510,3,0,0.3214375471223925,0,0,0.11027245763075773,0
511,3,0,0.3591354611711485,0,0,0.015126992566498259,2
512,3,0,0.36793164111585824,0,0,0.015712553569072387,0
513,1,0,0.4470972606182458,0,0,0.05130978285055781,0
514,1,1,0.6732847449107816,1,0,0.11594107850967696,1
515,3,0,0.2963056044232219,0,0,0.014630827210317115,0
516,1,0,0.5853229454636844,0,0,0.06640417918791278,0
517,2,1,0.4219653179190751,0,0,0.02049463509009441,0
518,3,0,0.36793164111585824,0,0,0.04713766070721715,2
519,2,1,0.4470972606182458,1,0,0.050748620223090936,0
520,3,0,0.3968333752199045,0,0,0.015411575213749288,0
521,1,1,0.37170143252073373,0,0,0.18249984580226933,0
522,3,0,0.2711736617240512,0,0,0.015411575213749288,0
523,3,0,0.36793164111585824,0,0,0.014102260811993537,1
524,1,1,0.5476250314149284,0,1,0.11316786160148593,1
525,3,0,0.36793164111585824,0,0,0.014110458666029575,1
526,3,0,0.5036441316913798,0,0,0.015126992566498259,2
527,2,1,0.6230208595124404,0,0,0.02049463509009441,0
528,1,0,0.36793164111585824,0,0,0.4328841690069588,0
529,3,0,0.4847951746670017,0,0,0.01546856981799983,0
530,2,0,0.2837396330736366,2,1,0.02244650509867484,0
531,2,1,0.019854234732344808,1,1,0.050748620223090936,0
532,3,0,0.36793164111585824,0,0,0.014110458666029575,1
533,3,0,0.20834380497612465,1,1,0.014110458666029575,1
534,3,1,0.36793164111585824,0,2,0.04364049521284362,1
535,3,1,0.37170143252073373,0,0,0.01690807394932789,0
536,2,1,0.08268409148027142,0,2,0.05123658772523604,0
537,1,0,0.5601910027645137,0,0,0.05182214872781017,0
538,1,1,0.37170143252073373,0,0,0.20772776566317125,1
539,3,0,0.36793164111585824,0,0,0.028302115124416095,0
540,1,1,0.2711736617240512,0,2,0.09661756542473082,1
541,1,1,0.4470972606182458,0,2,0.13858277060920987,0
542,3,1,0.10781603417944208,4,2,0.06104473451835265,0
543,3,1,0.1329479768786127,4,2,0.06104473451835265,0
544,2,0,0.3968333752199045,1,0,0.050748620223090936,0
545,1,0,0.6230208595124404,1,0,0.20772776566317125,1
546,1,0,0.7989444584066349,0,0,0.050748620223090936,0
547,2,1,0.2334757476752953,1,0,0.050748620223090936,0
548,2,0,0.36793164111585824,0,0,0.02705779799394608,1
549,3,0,0.4093993465694898,1,1,0.04006213192611313,0
550,2,0,0.09525006282985676,1,1,0.07173122281533045,0
551,1,0,0.20834380497612465,0,2,0.21642978772242533,1
552,2,0,0.33400351847197784,0,0,0.050748620223090936,0
553,3,0,0.36793164111585824,0,0,0.015281580671177828,2
554,3,0,0.2711736617240512,0,0,0.014102260811993537,1
555,3,1,0.2711736617240512,0,0,0.015175789316712773,0
556,1,0,0.7738125157074642,0,0,0.05182214872781017,0
557,1,1,0.5978889168132697,1,0,0.07729405233978466,1
558,1,0,0.36793164111585824,0,0,0.4440992237022602,1
559,1,1,0.4847951746670017,1,1,0.1554664461834305,0
560,3,1,0.4470972606182458,1,0,0.033962538149299316,0
561,3,0,0.36793164111585824,0,0,0.015126992566498259,2
562,3,0,0.497361146016587,0,0,0.015411575213749288,0
563,2,0,0.3465694898215632,0,0,0.026350245115835683,0
564,3,0,0.36793164111585824,0,0,0.015712553569072387,0
565,3,1,0.36793164111585824,0,0,0.015712553569072387,0
566,3,0,0.2963056044232219,2,0,0.04713766070721715,0
567,3,0,0.2334757476752953,0,0,0.015411575213749288,0
568,3,1,0.3591354611711485,0,4,0.04113566043083236,0
569,3,0,0.36793164111585824,0,0,0.014110458666029575,1
570,3,0,0.3968333752199045,0,0,0.01533037742139234,0
571,2,0,0.7738125157074642,0,0,0.02049463509009441,0
572,1,1,0.6607187735611963,2,0,0.1004807065457132,0
573,1,0,0.4470972606182458,0,0,0.05150496985141585,0
574,3,1,0.36793164111585824,0,0,0.015126992566498259,2
575,3,0,0.19577783362653933,0,0,0.015712553569072387,0
576,3,0,0.2334757476752953,0,0,0.028302115124416095,0
577,2,1,0.4219653179190751,0,0,0.025374310111545468,0
578,1,1,0.4847951746670017,1,0,0.1091095334796455,0
579,3,1,0.36793164111585824,1,0,0.02822072214505829,1
580,3,0,0.3968333752199045,0,0,0.01546856981799983,0
581,2,1,0.3088715757728072,1,1,0.058556100257412626,0
582,1,1,0.4847951746670017,1,1,0.21642978772242533,1
583,2,0,0.6732847449107816,0,0,0.050748620223090936,0
584,1,0,0.4470972606182458,0,0,0.07831878409428937,1
585,3,0,0.36793164111585824,0,0,0.01700566744975691,1
586,1,1,0.22090977632571002,0,2,0.1554664461834305,0
587,2,0,0.5853229454636844,0,0,0.029278050128706313,0
588,1,0,0.7486805730082936,1,1,0.15458810467956932,1
589,3,0,0.2711736617240512,0,0,0.015712553569072387,0
590,3,0,0.36793164111585824,0,0,0.015712553569072387,0
591,3,0,0.4345312892686604,0,0,0.013907073811135495,0
592,1,1,0.648152802211611,1,0,0.1527664244005612,1
593,3,0,0.5853229454636844,0,0,0.014151057562208047,0
594,3,1,0.36793164111585824,0,2,0.015126992566498259,2
595,2,0,0.4596632319678311,1,0,0.050748620223090936,0
596,3,0,0.4470972606182458,1,1,0.04713766070721715,0
597,2,1,0.36793164111585824,0,0,0.06441171028315387,0
598,3,0,0.610454888162855,0,0,0.0,0
599,3,0,0.36793164111585824,0,0,0.014102260811993537,1
600,1,0,0.610454888162855,1,0,0.11111839809247648,1
601,2,1,0.2963056044232219,2,1,0.05270049023167135,0
602,3,0,0.36793164111585824,0,0,0.015411575213749288,0
603,1,0,0.36793164111585824,0,0,0.08275928836380983,0
604,3,0,0.5476250314149284,0,0,0.015712553569072387,0
605,1,0,0.4345312892686604,0,0,0.05182214872781017,1
606,3,0,0.4470972606182458,1,0,0.030351578633425545,0
607,3,0,0.37170143252073373,0,0,0.015411575213749288,0
608,1,0,0.33400351847197784,0,0,0.05953203526170282,0
609,2,1,0.2711736617240512,1,2,0.08115719346076702,1
610,1,1,0.497361146016587,0,0,0.2995388511917728,0
611,3,1,0.4847951746670017,1,5,0.06104473451835265,0
612,3,0,0.36793164111585824,0,0,0.013760683560491965,0
613,3,1,0.36793164111585824,1,0,0.030253985132996517,2
614,3,0,0.36793164111585824,0,0,0.015126992566498259,2
615,3,0,0.4345312892686604,0,0,0.015712553569072387,0
616,2,1,0.2963056044232219,1,2,0.12687155055772734,0
617,3,0,0.4219653179190751,1,1,0.028106928123558056,0
618,3,1,0.3214375471223925,1,0,0.031425107138144774,0
619,2,1,0.044986177431515464,2,1,0.07612293033463641,0
620,2,0,0.3214375471223925,0,0,0.02049463509009441,0
621,3,0,0.33400351847197784,1,0,0.02821271947802312,1
622,1,0,0.5224930887157577,1,0,0.10257896680493714,0
623,3,0,0.24604171902488065,1,1,0.030725752114070408,1
624,3,0,0.2586076903744659,0,0,0.01533037742139234,0
625,3,0,0.2586076903744659,0,0,0.031425107138144774,0
626,1,0,0.7612465443578789,0,0,0.06308600017332605,0
627,2,0,0.7109826589595376,0,0,0.024105594605968197,2
628,1,1,0.2586076903744659,0,0,0.15216446768991498,0
629,3,0,0.3214375471223925,0,0,0.015411575213749288,0
630,3,0,0.36793164111585824,0,0,0.015094396337354966,2
631,1,0,1.0,0,0,0.058556100257412626,0
632,3,0,0.6355868308620256,0,0,0.013768881414528002,0
633,1,0,0.3968333752199045,0,0,0.05953203526170282,1
634,1,0,0.36793164111585824,0,0,0.0,0
635,3,1,0.10781603417944208,3,2,0.05445717323939373,0
636,2,1,0.3465694898215632,0,0,0.025374310111545468,0
637,3,0,0.3968333752199045,0,0,0.01546856981799983,0
638,2,0,0.3842674038703192,1,1,0.05123658772523604,0
639,3,1,0.5099271173661725,0,5,0.07746484096553544,0
640,3,0,0.36793164111585824,1,0,0.031425107138144774,0
641,3,0,0.24604171902488065,0,0,0.01533037742139234,0
642,1,1,0.2963056044232219,0,0,0.13526459159462315,1
643,3,1,0.019854234732344808,3,2,0.05445717323939373,0
644,3,0,0.36793164111585824,0,0,0.11027245763075773,0
645,3,1,0.0041467705453631576,2,1,0.03758969818624431,1
646,1,0,0.5978889168132697,1,0,0.1497654242623688,1
647,3,0,0.2334757476752953,0,0,0.015411575213749288,0
648,1,0,0.6984166876099522,0,0,0.06929138530460494,1
649,3,0,0.36793164111585824,0,0,0.014736618564782176,0
650,3,1,0.2837396330736366,0,0,0.014736618564782176,0
651,3,0,0.36793164111585824,0,0,0.015411575213749288,0
652,2,1,0.22090977632571002,0,1,0.04489301019734968,0
653,3,0,0.2586076903744659,0,0,0.01646070534336126,0
654,3,1,0.36793164111585824,0,0,0.015281580671177828,2
655,3,1,0.22090977632571002,0,0,0.013175122557917838,2
656,2,0,0.2963056044232219,2,0,0.1434624456306609,0
657,3,0,0.36793164111585824,0,0,0.015411575213749288,0
658,3,1,0.3968333752199045,1,1,0.030253985132996517,2
659,2,0,0.2837396330736366,0,0,0.025374310111545468,0
660,1,0,0.723548630309123,0,2,0.22109807522194716,1
661,1,0,0.6230208595124404,2,0,0.2608674266467732,0
662,3,0,0.497361146016587,0,0,0.014102260811993537,1
663,1,0,0.5853229454636844,0,0,0.049943473844551514,0
664,3,0,0.4470972606182458,0,0,0.014630827210317115,0
665,3,0,0.24604171902488065,1,0,0.01546856981799983,0
666,2,0,0.3968333752199045,2,0,0.1434624456306609,0
667,2,0,0.3088715757728072,0,0,0.025374310111545468,0
668,3,0,0.36793164111585824,0,0,0.015175789316712773,0
669,3,0,0.5350590600653431,0,0,0.015712553569072387,0
670,1,1,0.36793164111585824,1,0,0.10149724044618187,0
671,2,1,0.497361146016587,1,1,0.07612293033463641,0
672,1,0,0.3842674038703192,1,0,0.10149724044618187,0
673,2,0,0.8743402865041467,0,0,0.02049463509009441,0
674,2,0,0.3842674038703192,0,0,0.025374310111545468,0
675,2,0,0.36793164111585824,0,0,0.0,0
676,3,0,0.22090977632571002,0,0,0.015175789316712773,0
677,3,0,0.3025885900980145,0,0,0.015712553569072387,0
678,3,1,0.22090977632571002,0,0,0.01920971906344592,0
679,3,1,0.5350590600653431,1,6,0.09154270340242172,0
680,1,0,0.4470972606182458,0,1,1.0,1
681,3,1,0.36793164111585824,0,0,0.01588334219482317,2
682,1,0,0.33400351847197784,0,0,0.1497654242623688,1
683,3,0,0.24604171902488065,0,0,0.018006000829154382,0
684,3,0,0.17064589092736868,5,2,0.09154270340242172,0
685,2,0,0.7486805730082936,1,1,0.07612293033463641,0
686,2,0,0.3088715757728072,1,2,0.08115719346076702,1
687,3,0,0.17064589092736868,4,1,0.07746484096553544,0
688,3,0,0.2334757476752953,0,0,0.019852079483269745,0
689,3,0,0.22090977632571002,0,0,0.01521638821289124,0
690,1,1,0.183211862276954,0,1,0.41250332793836464,0
691,1,0,0.3842674038703192,1,0,0.11125659048908396,0
692,3,1,0.044986177431515464,0,1,0.026187654344120927,1
693,3,0,0.36793164111585824,0,0,0.11027245763075773,0
694,3,0,0.3088715757728072,0,0,0.014102260811993537,1
695,1,0,0.7486805730082936,0,0,0.05182214872781017,0
696,2,0,0.648152802211611,0,0,0.026350245115835683,0
697,3,0,0.5476250314149284,0,0,0.015712553569072387,0
698,3,1,0.36793164111585824,0,0,0.015094396337354966,2
699,1,0,0.610454888162855,1,1,0.21642978772242533,1
700,3,0,0.5224930887157577,0,0,0.014931805565640218,0
701,1,1,0.22090977632571002,1,0,0.4440992237022602,1
702,1,0,0.4345312892686604,0,0,0.05130978285055781,0
703,3,1,0.22090977632571002,0,1,0.02821271947802312,1
704,3,0,0.3088715757728072,0,0,0.01511079204542704,2
705,3,0,0.3214375471223925,1,0,0.01533037742139234,0
706,2,0,0.4847951746670017,0,0,0.050748620223090936,0
707,2,1,0.5601910027645137,0,0,0.026350245115835683,0
708,1,0,0.5224930887157577,0,0,0.05130978285055781,0
709,1,1,0.2711736617240512,0,0,0.2958058998003628,0
710,3,0,0.36793164111585824,1,1,0.029757819776815374,1
711,1,1,0.2963056044232219,0,0,0.09662576327876683,1
712,1,0,0.36793164111585824,0,0,0.05182214872781017,0
713,1,0,0.5978889168132697,1,0,0.10149724044618187,0
714,3,0,0.3591354611711485,0,0,0.018510168852370702,0
715,2,0,0.648152802211611,0,0,0.025374310111545468,0
716,3,0,0.2334757476752953,0,0,0.014931805565640218,0
717,1,1,0.4722292033174164,0,0,0.4440992237022602,1
718,2,1,0.33400351847197784,0,0,0.02049463509009441,0
719,3,0,0.36793164111585824,0,0,0.030253985132996517,2
720,3,0,0.4093993465694898,0,0,0.015175789316712773,0
721,2,1,0.0701181201306861,0,1,0.06441171028315387,0
722,3,0,0.20834380497612465,1,0,0.013768881414528002,0
723,2,0,0.4219653179190751,0,0,0.025374310111545468,0
724,2,0,0.6230208595124404,0,0,0.025374310111545468,0
725,1,0,0.33400351847197784,1,0,0.10364429745562033,0
726,3,0,0.24604171902488065,0,0,0.01690807394932789,0
727,2,1,0.37170143252073373,3,0,0.04098927018018883,0
728,3,1,0.36793164111585824,0,0,0.015102594191391002,2
729,2,0,0.3088715757728072,1,0,0.050748620223090936,0
730,3,1,0.3088715757728072,1,0,0.01546856981799983,0
731,1,1,0.3591354611711485,0,0,0.41250332793836464,0
732,3,0,0.1329479768786127,0,0,0.036670757786204655,1
733,2,0,0.36793164111585824,0,0,0.0,0
734,2,0,0.2837396330736366,0,0,0.025374310111545468,0
735,2,0,0.2837396330736366,0,0,0.025374310111545468,0
736,3,0,0.35285247549635584,0,0,0.031425107138144774,0
737,3,1,0.5978889168132697,1,3,0.06709553154495196,0
738,1,0,0.4345312892686604,0,0,1.0,1
739,3,0,0.36793164111585824,0,0,0.015411575213749288,0
740,3,0,0.36793164111585824,0,0,0.015411575213749288,0
741,1,0,0.36793164111585824,0,0,0.058556100257412626,0
742,1,0,0.4470972606182458,1,0,0.15390495017656616,0
743,1,1,0.2586076903744659,2,2,0.5121218935012878,1
744,3,0,0.2963056044232219,1,0,0.031425107138144774,0
745,3,0,0.3842674038703192,0,0,0.01546856981799983,0
746,1,0,0.8743402865041467,1,1,0.13858277060920987,0
747,3,0,0.19577783362653933,1,1,0.03952536767375352,0
748,2,1,0.37170143252073373,0,0,0.025374310111545468,0
749,1,0,0.2334757476752953,1,0,0.10364429745562033,0
750,3,0,0.3842674038703192,0,0,0.015126992566498259,2
751,2,1,0.044986177431515464,1,1,0.04489301019734968,0
752,3,0,0.0701181201306861,0,1,0.024349578357040744,0
753,3,0,0.4093993465694898,0,0,0.018542765081514,0
754,3,0,0.2837396330736366,0,0,0.015411575213749288,0
755,2,1,0.5978889168132697,1,2,0.12687155055772734,0
756,2,0,0.0031414928373963307,1,1,0.028302115124416095,0
757,3,0,0.3465694898215632,0,0,0.01521638821289124,0
758,2,0,0.22090977632571002,0,0,0.02244650509867484,0
759,3,0,0.4219653179190751,0,0,0.015712553569072387,0
760,1,1,0.4093993465694898,0,0,0.16883675574220638,0
761,3,0,0.36793164111585824,0,0,0.028302115124416095,0
762,3,0,0.5099271173661725,0,0,0.013907073811135495,0
763,3,0,0.24604171902488065,0,0,0.014110458666029575,1
764,1,1,0.4470972606182458,1,2,0.2342244010296505,0
765,3,0,0.19577783362653933,0,0,0.015175789316712773,0
766,1,1,0.6355868308620256,1,0,0.15216446768991498,0
767,1,0,0.36793164111585824,0,0,0.07729405233978466,1
768,3,1,0.3779844181955265,0,0,0.015126992566498259,2
769,3,0,0.36793164111585824,1,0,0.04713766070721715,2
770,3,0,0.3968333752199045,0,0,0.016322512946753766,0
771,3,0,0.2963056044232219,0,0,0.018542765081514,0
772,3,0,0.5978889168132697,0,0,0.01533037742139234,0
773,2,1,0.7109826589595376,0,0,0.02049463509009441,0
774,3,0,0.36793164111585824,0,0,0.014102260811993537,1
775,2,1,0.6732847449107816,1,3,0.04489301019734968,0
776,3,0,0.22090977632571002,0,0,0.015126992566498259,0
777,3,0,0.36793164111585824,0,0,0.015126992566498259,2
778,3,1,0.05755214878110077,0,0,0.024349578357040744,0
779,3,0,0.36793164111585824,0,0,0.015102594191391002,2
780,1,1,0.5350590600653431,0,1,0.41250332793836464,0
781,3,1,0.15807991957778336,0,0,0.014110458666029575,1
782,1,1,0.20834380497612465,1,0,0.11125659048908396,0
783,1,0,0.3591354611711485,0,0,0.058556100257412626,0
784,3,0,0.36793164111585824,1,2,0.04577135170121086,0
785,3,0,0.3088715757728072,0,0,0.013760683560491965,0
786,3,0,0.3088715757728072,0,0,0.014151057562208047,0
787,3,1,0.22090977632571002,0,0,0.014630827210317115,0
788,3,0,0.09525006282985676,4,1,0.05684821399990475,2
789,3,0,0.007288263382759488,1,2,0.04015972542654215,0
790,1,0,0.5727569741140991,0,0,0.15458810467956932,1
791,3,0,0.36793164111585824,0,0,0.015126992566498259,2
792,2,0,0.19577783362653933,0,0,0.050748620223090936,0
793,3,1,0.36793164111585824,8,2,0.13575255909676825,0
794,1,0,0.36793164111585824,0,0,0.05991421140938288,1
795,3,0,0.3088715757728072,0,0,0.015411575213749288,0
796,2,0,0.4847951746670017,0,0,0.025374310111545468,0
797,1,1,0.610454888162855,0,0,0.05061042782648344,0
798,3,1,0.3842674038703192,0,0,0.01694867284550636,0
799,3,0,0.37170143252073373,0,0,0.014110458666029575,1
800,3,1,0.37170143252073373,1,1,0.04713766070721715,0
801,2,0,0.4219653179190751,0,0,0.025374310111545468,0
802,2,1,0.3842674038703192,1,1,0.05123658772523604,0
803,1,0,0.1329479768786127,1,2,0.2342244010296505,0
804,3,0,0.0,0,1,0.016623491302076868,1
805,3,0,0.33400351847197784,0,0,0.013614293309848431,0
806,3,0,0.3842674038703192,0,0,0.015175789316712773,0
807,1,0,0.4847951746670017,0,0,0.0,0
808,3,1,0.22090977632571002,0,0,0.015175789316712773,0
809,2,0,0.4847951746670017,0,0,0.025374310111545468,0
810,1,1,0.4093993465694898,1,0,0.10364429745562033,0
811,3,0,0.3214375471223925,0,0,0.01539537469267807,0
812,3,0,0.4847951746670017,0,0,0.04713766070721715,0
813,2,0,0.4345312892686604,0,0,0.02049463509009441,0
814,3,1,0.0701181201306861,4,2,0.06104473451835265,0
815,3,0,0.3779844181955265,0,0,0.015712553569072387,0
816,1,0,0.36793164111585824,0,0,0.0,0
817,3,1,0.2837396330736366,0,0,0.01546856981799983,0
818,2,0,0.3842674038703192,1,1,0.07222738817151159,1
819,3,0,0.5350590600653431,0,0,0.012589561555343713,0
820,3,0,0.1203820055290274,3,2,0.05445717323939373,0
821,1,1,0.648152802211611,1,1,0.18249984580226933,0
822,3,0,0.33400351847197784,0,0,0.01690807394932789,0
823,1,0,0.4722292033174164,0,0,0.0,0
824,3,1,0.33400351847197784,0,1,0.024349578357040744,0
825,3,0,0.019854234732344808,4,1,0.07746484096553544,0
826,3,0,0.36793164111585824,0,0,0.013565496559633922,2
827,3,0,0.36793164111585824,0,0,0.11027245763075773,0
828,2,0,0.007288263382759488,0,2,0.07222738817151159,1
829,3,0,0.36793164111585824,0,0,0.015126992566498259,2
830,1,1,0.7738125157074642,0,0,0.15614960068643366,0
831,3,1,0.183211862276954,1,0,0.02821271947802312,1
832,2,0,0.005152048253329982,1,1,0.03659756266088288,0
833,3,0,0.36793164111585824,0,0,0.014110458666029575,1
834,3,0,0.2837396330736366,0,0,0.01533037742139234,0
835,3,0,0.22090977632571002,0,0,0.01620052107121749,0
836,1,1,0.4847951746670017,1,1,0.16231419173453318,1
837,3,0,0.2586076903744659,0,0,0.01690807394932789,0
838,3,0,0.36793164111585824,0,0,0.015712553569072387,0
839,3,0,0.3968333752199045,0,0,0.11027245763075773,0
840,1,0,0.36793164111585824,0,0,0.057970539254838485,1
841,3,0,0.24604171902488065,0,0,0.01546856981799983,0
842,2,0,0.19577783362653933,0,0,0.02049463509009441,0
843,1,1,0.37170143252073373,0,0,0.060507970265993034,1
844,3,0,0.4282483035938678,0,0,0.012565163180236457,1
845,3,0,0.20834380497612465,0,0,0.01690807394932789,0
846,3,0,0.5224930887157577,0,0,0.014736618564782176,0
847,3,0,0.36793164111585824,8,2,0.13575255909676825,0
848,3,0,0.4345312892686604,0,0,0.015411575213749288,1
849,2,0,0.3465694898215632,0,1,0.06441171028315387,0
850,1,1,0.36793164111585824,1,0,0.17391981561855152,1
851,3,0,0.044986177431515464,4,2,0.06104473451835265,0
852,3,0,0.924604171902488,0,0,0.015175789316712773,0
853,3,1,0.10781603417944208,1,1,0.029757819776815374,1
854,1,1,0.19577783362653933,0,1,0.07690367833806856,0
855,2,1,0.5476250314149284,1,0,0.050748620223090936,0
856,3,1,0.22090977632571002,0,1,0.018249984580226933,0
857,1,1,0.5601910027645137,1,1,0.32179836714362564,0
858,1,0,0.6355868308620256,0,0,0.05182214872781017,0
859,3,1,0.2963056044232219,0,3,0.03758969818624431,1
860,3,0,0.36793164111585824,0,0,0.014110458666029575,1
861,3,0,0.5099271173661725,2,0,0.027537567642055148,0
862,2,0,0.2586076903744659,1,0,0.02244650509867484,0
863,1,1,0.5978889168132697,0,0,0.05061042782648344,0
864,3,1,0.36793164111585824,8,2,0.13575255909676825,0
865,2,0,0.2963056044232219,0,0,0.025374310111545468,0
866,2,1,0.5224930887157577,0,0,0.025374310111545468,0
867,2,1,0.33400351847197784,1,0,0.027049600139910042,1
868,1,0,0.3842674038703192,0,0,0.0985612375792752,0
869,3,0,0.36793164111585824,0,0,0.018542765081514,0
870,3,0,0.044986177431515464,1,1,0.0217307543665284,0
871,3,0,0.3214375471223925,0,0,0.015411575213749288,0
872,1,1,0.5853229454636844,1,1,0.10257896680493714,0
873,1,0,0.4093993465694898,0,0,0.009759350042902102,0
874,3,0,0.5853229454636844,0,0,0.017566830077223785,0
875,2,1,0.3465694898215632,1,0,0.04684488020593009,1
876,3,1,0.183211862276954,0,0,0.014102260811993537,1
877,3,0,0.24604171902488065,0,0,0.019217721730481103,0
878,3,0,0.2334757476752953,0,0,0.015411575213749288,0
879,3,0,0.36793164111585824,0,0,0.015411575213749288,0
880,1,1,0.6984166876099522,0,1,0.16231419173453318,1
881,2,1,0.3088715757728072,0,1,0.050748620223090936,0
882,3,0,0.4093993465694898,0,0,0.015411575213749288,0
883,3,1,0.2711736617240512,0,0,0.02052723131923771,0
884,2,0,0.3465694898215632,0,0,0.02049463509009441,0
885,3,0,0.3088715757728072,0,0,0.013760683560491965,0
886,3,1,0.4847951746670017,0,5,0.05684821399990475,2
887,2,0,0.33400351847197784,0,0,0.025374310111545468,0
888,1,1,0.2334757476752953,0,0,0.058556100257412626,0
889,3,1,0.36793164111585824,1,2,0.04577135170121086,0
890,1,0,0.3214375471223925,0,0,0.058556100257412626,1
891,3,0,0.3968333752199045,0,0,0.015126992566498259,2
892,3,0,0.4527231966240274,0,0,0.015281580671177828,2
893,3,1,0.6175656072794409,1,0,0.013663090060062943,0
894,2,0,0.8153765000659371,0,0,0.018908740708122825,2
895,3,0,0.3538177502307794,0,0,0.01690807394932789,0
896,3,1,0.287880785968614,1,1,0.02398360273043192,0
897,3,0,0.18238164314914945,0,0,0.018006000829154382,0
898,3,1,0.3933799287880786,0,0,0.014891206669461744,2
899,2,0,0.34063035737834635,1,1,0.0566042302488322,0
900,3,1,0.2351312145588817,0,0,0.014110458666029575,1
901,3,0,0.27469339311618096,2,0,0.04713766070721715,0
902,3,0,0.39733614664380856,0,0,0.015411575213749288,0
903,1,0,0.6043782144270078,0,0,0.050748620223090936,0
904,1,1,0.3010681788210471,1,0,0.16057390443488287,0
905,2,0,0.8285638929183701,1,0,0.050748620223090936,0
906,1,1,0.6175656072794409,1,0,0.11940564777490725,0
907,2,1,0.31425557167348017,1,0,0.05410739813385612,1
908,2,0,0.4593168930502439,0,0,0.024105594605968197,2
909,3,0,0.27469339311618096,0,0,0.014102260811993537,1
910,3,1,0.3538177502307794,1,0,0.01546856981799983,0
911,3,1,0.5911908215745747,0,0,0.014102260811993537,1
912,1,0,0.7230647500989055,1,0,0.11594107850967696,1
913,3,0,0.11644467888698405,0,1,0.0061889894232067975,0
914,1,1,0.39733614664380856,0,0,0.061841683042856026,0
915,1,0,0.27469339311618096,0,1,0.11980421963065935,1
916,1,1,0.630753000131874,1,3,0.5121218935012878,1
917,3,0,0.6571277858367401,1,0,0.028302115124416095,0
918,1,1,0.287880785968614,0,1,0.1209753416358076,1
919,3,0,0.2944744823948305,0,0,0.014102260811993537,1
920,1,0,0.5384412501648425,0,0,0.05953203526170282,0
921,3,0,0.39733614664380856,2,0,0.042314980290016665,1
922,2,0,0.6571277858367401,1,0,0.050748620223090936,0
923,2,0,0.31425557167348017,2,0,0.06148390527028325,0
924,3,1,0.43294210734537786,1,2,0.04015972542654215,0
925,3,1,0.39733614664380856,1,2,0.04577135170121086,0
926,1,0,0.3933799287880786,1,0,0.11272049299551927,1
927,3,0,0.2417249109850983,0,0,0.014110458666029575,1
928,3,1,0.39733614664380856,0,0,0.015712553569072387,0
929,3,1,0.27469339311618096,0,0,0.01690807394932789,0
930,3,0,0.3274429645259133,0,0,0.018542765081514,0
931,3,0,0.39733614664380856,0,0,0.11027245763075773,0
932,3,0,0.5120664644599763,0,1,0.026187654344120927,1
933,1,0,0.39733614664380856,0,0,0.05182214872781017,0
934,3,0,0.5384412501648425,0,0,0.0153221795673563,0
935,2,1,0.3933799287880786,0,0,0.025374310111545468,0
936,1,1,0.5911908215745747,1,0,0.10257896680493714,0
937,3,0,0.3274429645259133,0,0,0.01546856981799983,0
938,1,0,0.5911908215745747,0,0,0.057970539254838485,1
939,3,0,0.39733614664380856,0,0,0.015126992566498259,2
940,1,1,0.7890017143610708,0,0,0.14891148113361488,1
941,3,1,0.472504285902677,0,2,0.031034733136428686,0
942,1,0,0.31425557167348017,1,0,0.11711220051482525,0
943,2,0,0.3538177502307794,0,0,0.029343047399992037,1
944,2,1,0.2615060002637479,2,1,0.04489301019734968,0
945,1,1,0.3670051430832125,3,2,0.5133418122566507,0
946,2,0,0.39733614664380856,0,0,0.03040857323767609,1
947,3,0,0.12963207173941713,4,1,0.05684821399990475,2
948,3,0,0.4593168930502439,0,0,0.015411575213749288,0
949,3,0,0.3274429645259133,0,0,0.014931805565640218,0
950,3,0,0.39733614664380856,1,0,0.031425107138144774,0
951,1,1,0.472504285902677,0,0,0.5121218935012878,1
952,3,0,0.22194382170644866,0,0,0.015411575213749288,0
953,2,0,0.4197547144929448,0,0,0.026350245115835683,0
954,3,0,0.2351312145588817,0,0,0.015126992566498259,0
955,3,1,0.287880785968614,0,0,0.015078195816283746,2
956,1,0,0.16919425029671634,2,2,0.5121218935012878,1
957,2,1,0.39733614664380856,0,0,0.04098927018018883,0
958,3,1,0.2351312145588817,0,0,0.01537917417160685,2
959,1,0,0.6175656072794409,0,0,0.08275928836380983,0
960,1,0,0.4065673216405117,0,0,0.05570149036986375,1
961,1,1,0.7890017143610708,1,4,0.5133418122566507,0
962,3,1,0.31425557167348017,0,0,0.015126992566498259,2
963,3,0,0.27469339311618096,0,0,0.015411575213749288,0
964,3,1,0.3801925359356456,0,0,0.01546856981799983,0
965,1,0,0.37359883950942896,0,0,0.05410739813385612,1
966,1,1,0.4593168930502439,0,0,0.41282050681475896,1
967,1,0,0.4263484109191613,0,0,0.41282050681475896,1
968,3,0,0.39733614664380856,0,0,0.015712553569072387,0
969,1,1,0.7230647500989055,2,0,0.05016305922051681,0
970,2,0,0.3933799287880786,0,0,0.025374310111545468,0
971,3,1,0.31425557167348017,0,0,0.015126992566498259,2
972,3,0,0.07688250032968483,1,1,0.029757819776815374,1
973,1,0,0.8813134643281024,1,0,0.4328841690069588,0
974,1,0,0.643940392984307,0,0,0.050748620223090936,0
975,3,0,0.39733614664380856,0,0,0.015411575213749288,0
976,2,0,0.39733614664380856,0,0,0.020901209612881715,2
977,3,0,0.39733614664380856,1,0,0.02821271947802312,1
978,3,1,0.3538177502307794,0,0,0.01537917417160685,2
979,3,1,0.2351312145588817,0,0,0.015712553569072387,0
980,3,1,0.39733614664380856,0,0,0.015126992566498259,2
981,2,0,0.024132928919952525,1,1,0.04489301019734968,0
982,3,1,0.287880785968614,1,0,0.027130993119267845,0
983,3,0,0.39733614664380856,0,0,0.015175789316712773,0
984,1,1,0.3538177502307794,1,2,0.10149724044618187,0
985,3,0,0.39733614664380856,0,0,0.015712553569072387,0
986,1,0,0.3274429645259133,0,0,0.050748620223090936,1
987,3,0,0.3274429645259133,0,0,0.01521638821289124,0
988,1,1,1.0,1,0,0.15390495017656616,0
989,3,0,0.3801925359356456,0,0,0.01546856981799983,0
990,3,1,0.2615060002637479,0,0,0.01533037742139234,0
991,3,0,0.43294210734537786,0,0,0.015712553569072387,0
992,1,1,0.5648160358697086,1,0,0.1082149914547131,1
993,2,0,0.3538177502307794,1,0,0.050748620223090936,0
994,3,0,0.39733614664380856,0,0,0.015126992566498259,2
995,3,0,0.34063035737834635,0,0,0.015175789316712773,0
996,3,1,0.2087564288540156,1,1,0.016623491302076868,1
997,3,0,0.3670051430832125,0,0,0.04396587194327397,0
998,3,0,0.27469339311618096,0,0,0.015265184963105752,2
999,3,0,0.39733614664380856,0,0,0.015126992566498259,2
1000,3,0,0.39733614664380856,0,0,0.01700566744975691,0
1001,2,0,0.2417249109850983,0,0,0.025374310111545468,0
1002,2,0,0.5384412501648425,0,0,0.029367445775099286,1
1003,3,1,0.39733614664380856,0,0,0.015183987170748809,2
1004,1,1,0.472504285902677,0,0,0.06183368037582086,1
1005,3,1,0.2417249109850983,0,0,0.014216054833493775,2
1006,1,1,0.8285638929183701,1,0,0.4328841690069588,0
1007,3,0,0.2351312145588817,1,0,0.02821271947802312,1
1008,3,0,0.39733614664380856,0,0,0.012565163180236457,1
1009,3,1,0.010945536067519452,1,1,0.03259622914329302,0
1010,1,0,0.472504285902677,0,0,0.1468620176246054,1
1011,2,1,0.3801925359356456,1,0,0.050748620223090936,0
1012,2,1,0.15600685744428328,0,0,0.030741952635141626,0
1013,3,0,0.39733614664380856,1,0,0.015126992566498259,2
1014,1,1,0.4593168930502439,1,0,0.11272049299551927,1
1015,3,0,0.3670051430832125,0,0,0.014151057562208047,0
1016,3,0,0.39733614664380856,0,0,0.015126992566498259,2
1017,3,1,0.22194382170644866,0,1,0.031425107138144774,0
1018,3,0,0.287880785968614,0,0,0.01521638821289124,0
1019,3,1,0.39733614664380856,2,0,0.045380977699494784,2
1020,2,0,0.5516286430172755,0,0,0.025374310111545468,0
1021,3,0,0.31425557167348017,0,0,0.015712553569072387,0
1022,3,0,0.4197547144929448,0,0,0.015712553569072387,0
1023,1,0,0.6966899643940393,0,0,0.05562829524454199,1
1024,3,1,0.39733614664380856,0,4,0.049707687947515,0
1025,3,0,0.39733614664380856,1,0,0.012565163180236457,1
1026,3,0,0.5648160358697086,0,0,0.015411575213749288,0
1027,3,0,0.31425557167348017,0,0,0.01533037742139234,0
1028,3,0,0.34722405380456284,0,0,0.014102260811993537,1
1029,2,0,0.34063035737834635,0,0,0.025374310111545468,0
1030,3,1,0.3010681788210471,0,0,0.015712553569072387,0
1031,3,0,0.5252538573124094,1,6,0.09154270340242172,0
1032,3,1,0.12963207173941713,5,2,0.09154270340242172,0
1033,1,1,0.43294210734537786,0,0,0.2958058998003628,0
1034,1,0,0.8021891072135039,1,3,0.5121218935012878,1
1035,2,0,0.3670051430832125,0,0,0.050748620223090936,0
1036,1,0,0.5516286430172755,0,0,0.05182214872781017,0
1037,3,0,0.4065673216405117,3,0,0.03513366015444757,0
1038,1,0,0.39733614664380856,0,0,0.10122885832000206,0
1039,3,0,0.287880785968614,0,0,0.015712553569072387,0
1040,1,0,0.39733614664380856,0,0,0.05182214872781017,0
1041,2,0,0.3933799287880786,1,1,0.050748620223090936,0
1042,1,1,0.3010681788210471,0,1,0.16231419173453318,1
1043,3,0,0.39733614664380856,0,0,0.015411575213749288,1
1044,3,0,0.7955954107872873,0,0,0.06948657230546297,0
1045,3,1,0.472504285902677,0,2,0.02378021787553784,0
1046,3,0,0.16919425029671634,4,2,0.06126431989431795,0
1047,3,0,0.31425557167348017,0,0,0.014736618564782176,0
1048,1,1,0.3801925359356456,0,0,0.4328841690069588,0
1049,3,1,0.3010681788210471,0,0,0.01533037742139234,0
1050,1,0,0.5516286430172755,0,0,0.05182214872781017,0
1051,3,1,0.34063035737834635,0,2,0.02688700936819529,0
1052,3,1,0.39733614664380856,0,0,0.015094396337354966,2
1053,3,0,0.0900698931821179,1,1,0.029757819776815374,1
1054,2,1,0.34063035737834635,0,0,0.026350245115835683,0
1055,3,0,0.39733614664380856,0,0,0.013663090060062943,0
1056,2,0,0.5384412501648425,0,0,0.025374310111545468,0
1057,3,1,0.34063035737834635,1,1,0.042989936938983765,0
1058,1,0,0.630753000131874,0,0,0.0985612375792752,1
1059,3,0,0.2351312145588817,2,2,0.06709553154495196,0
1060,1,1,0.39733614664380856,0,0,0.05410739813385612,1
1061,3,1,0.287880785968614,0,0,0.01749363495190202,0
1062,3,0,0.39733614664380856,0,0,0.014736618564782176,0
1063,3,0,0.3538177502307794,0,0,0.014102260811993537,1
1064,3,0,0.3010681788210471,1,0,0.027130993119267845,0
1065,3,0,0.39733614664380856,0,0,0.014110458666029575,1
1066,3,0,0.5252538573124094,1,5,0.06126431989431795,0
1067,2,1,0.19556903600158249,0,2,0.07612293033463641,0
1068,2,1,0.2615060002637479,0,0,0.07173122281533045,0
1069,1,0,0.7098773572464724,1,0,0.1082149914547131,1
1070,2,1,0.472504285902677,0,3,0.07612293033463641,0
1071,1,1,0.8417512857708032,0,2,0.16231419173453318,1
1072,2,0,0.3933799287880786,0,0,0.025374310111545468,0
1073,1,0,0.4856916787551102,1,1,0.16231419173453318,1
1074,1,1,0.2351312145588817,1,0,0.10364429745562033,0
1075,3,0,0.39733614664380856,0,0,0.015126992566498259,2
1076,1,1,0.3538177502307794,1,1,0.4831284260198326,1
1077,2,0,0.5252538573124094,0,0,0.031229920137286732,0
1078,2,1,0.27469339311618096,0,1,0.04098927018018883,0
1079,3,0,0.22194382170644866,2,0,0.015712553569072387,0
1080,3,1,0.39733614664380856,8,2,0.13575255909676825,0
1081,2,0,0.5252538573124094,0,0,0.025374310111545468,0
1082,2,0,0.44612950019781095,1,0,0.050748620223090936,0
1083,1,0,0.39733614664380856,0,0,0.050748620223090936,0
1084,3,0,0.14941316101806673,1,1,0.028302115124416095,0
1085,2,0,0.8021891072135039,0,0,0.024105594605968197,2
1086,2,0,0.10325728603455098,0,2,0.06343577527886367,0
1087,3,0,0.43294210734537786,0,0,0.01533037742139234,0
1088,1,0,0.07688250032968483,0,2,0.2625265161540666,1
1089,3,1,0.2351312145588817,0,0,0.015175789316712773,0
1090,2,0,0.3010681788210471,0,0,0.02049463509009441,0
1091,3,1,0.39733614664380856,0,0,0.01583454544460866,0
1092,3,1,0.39733614664380856,0,0,0.030253985132996517,2
1093,3,0,0.002109982856389292,0,2,0.028106928123558056,0
1094,1,0,0.6175656072794409,1,0,0.4440992237022602,1
1095,2,1,0.10325728603455098,1,1,0.050748620223090936,0
1096,2,0,0.3274429645259133,0,0,0.02049463509009441,0
1097,1,0,0.39733614664380856,0,0,0.05024445219987461,1
1098,3,1,0.4593168930502439,0,0,0.015126992566498259,2
1099,2,0,0.31425557167348017,0,0,0.02049463509009441,0
1100,1,1,0.43294210734537786,0,0,0.05410739813385612,1
1101,3,0,0.3274429645259133,0,0,0.015411575213749288,0
1102,3,0,0.4197547144929448,0,0,0.04396587194327397,0
1103,3,0,0.39733614664380856,0,0,0.013760683560491965,0
1104,2,0,0.22194382170644866,0,0,0.1434624456306609,0
1105,2,1,0.7890017143610708,1,0,0.050748620223090936,0
1106,3,1,0.4988790716075432,4,2,0.015175789316712773,0
1107,1,0,0.5516286430172755,0,0,0.08295447536466788,0
1108,3,1,0.39733614664380856,0,0,0.01537917417160685,2
1109,1,0,0.7494395358037717,1,1,0.32179836714362564,0
1110,1,1,0.6571277858367401,1,1,0.41282050681475896,1
1111,3,0,0.39733614664380856,0,0,0.015712553569072387,0
1112,2,1,0.3933799287880786,1,0,0.027049600139910042,1
1113,3,0,0.27469339311618096,0,0,0.015712553569072387,0
1114,2,1,0.287880785968614,0,0,0.02049463509009441,0
1115,3,0,0.27469339311618096,0,0,0.01521638821289124,0
1116,1,1,0.6966899643940393,0,0,0.0535706338814965,1
1117,3,1,0.39733614664380856,0,2,0.029757819776815374,1
1118,3,0,0.3010681788210471,0,0,0.01521638821289124,0
1119,3,1,0.39733614664380856,0,0,0.015126992566498259,2
1120,3,0,0.5318475537386259,0,0,0.02947323712956435,0
1121,2,0,0.472504285902677,0,0,0.025374310111545468,0
1122,2,0,0.18238164314914945,0,0,0.12687155055772734,0
1123,1,1,0.27469339311618096,0,0,0.05182214872781017,0
1124,3,0,0.27469339311618096,1,0,0.012678957201736696,0
1125,3,0,0.39733614664380856,0,0,0.01537917417160685,2
1126,1,0,0.5120664644599763,1,0,0.13913573538264068,1
1127,3,0,0.2615060002637479,0,0,0.01533037742139234,0
1128,1,0,0.8417512857708032,1,0,0.14687821814567664,1
1129,3,0,0.2615060002637479,0,0,0.014102260811993537,1
1130,2,1,0.2351312145588817,1,1,0.025374310111545468,0
1131,1,1,0.630753000131874,1,0,0.20772776566317125,1
1132,1,1,0.7230647500989055,0,0,0.05410739813385612,1
1133,2,1,0.5911908215745747,0,2,0.058556100257412626,0
1134,1,0,0.5911908215745747,1,1,0.2625265161540666,1
1135,3,0,0.39733614664380856,0,0,0.01539537469267807,0
1136,3,0,0.39733614664380856,1,2,0.04577135170121086,0
1137,1,0,0.5384412501648425,1,0,0.10122885832000206,0
1138,2,1,0.287880785968614,0,0,0.04098927018018883,0
1139,2,0,0.5516286430172755,1,1,0.06343577527886367,0
1140,2,1,0.3801925359356456,1,0,0.050748620223090936,0
1141,3,1,0.39733614664380856,1,0,0.02821271947802312,1
1142,2,1,0.009890544639324808,1,2,0.05416439273810667,0
1143,3,0,0.2615060002637479,0,0,0.01546856981799983,0
1144,1,0,0.3538177502307794,1,0,0.26697521827762305,1
1145,3,0,0.31425557167348017,0,0,0.018201187830012417,0
1146,3,0,0.4263484109191613,0,0,0.018542765081514,0
1147,3,0,0.39733614664380856,0,0,0.014736618564782176,0
1148,3,0,0.39733614664380856,0,0,0.015126992566498259,2
1149,3,0,0.3670051430832125,0,0,0.015712553569072387,0
1150,2,1,0.2483186074113148,0,0,0.025374310111545468,0
1151,3,0,0.27469339311618096,0,0,0.015175789316712773,0
1152,3,0,0.4790979823288936,1,0,0.033962538149299316,0
1153,3,0,0.27469339311618096,0,0,0.01533037742139234,0
1154,2,1,0.3801925359356456,0,2,0.04489301019734968,0
1155,3,1,0.010945536067519452,1,1,0.02378021787553784,0
1156,2,0,0.3933799287880786,0,0,0.024861944234293103,1
1157,3,0,0.39733614664380856,0,0,0.015411575213749288,0
1158,1,0,0.39733614664380856,0,0,0.0,0
1159,3,0,0.39733614664380856,0,0,0.014736618564782176,0
1160,3,1,0.39733614664380856,0,0,0.015712553569072387,0
1161,3,0,0.22194382170644866,0,0,0.01690807394932789,0
1162,1,0,0.6043782144270078,0,0,0.1468620176246054,1
1163,3,0,0.39733614664380856,0,0,0.015126992566498259,2
1164,1,1,0.34063035737834635,1,0,0.26697521827762305,1
1165,3,1,0.39733614664380856,1,0,0.030253985132996517,2
1166,3,0,0.39733614664380856,0,0,0.014102260811993537,1
1167,2,1,0.2615060002637479,1,0,0.050748620223090936,0
1168,2,0,0.3670051430832125,0,0,0.02049463509009441,0
1169,2,0,0.5252538573124094,1,0,0.050748620223090936,0
1170,2,0,0.3933799287880786,1,0,0.04098927018018883,0
1171,2,0,0.287880785968614,0,0,0.02049463509009441,0
1172,3,1,0.3010681788210471,0,0,0.01690807394932789,0
1173,3,0,0.0076486878544111845,1,1,0.02688700936819529,0
1174,3,1,0.39733614664380856,0,0,0.015126992566498259,2
1175,3,1,0.11644467888698405,1,1,0.029757819776815374,1
1176,3,1,0.024132928919952525,1,1,0.03945217254843175,0
1177,3,0,0.472504285902677,0,0,0.014151057562208047,0
1178,3,0,0.39733614664380856,0,0,0.014151057562208047,0
1179,1,0,0.31425557167348017,1,0,0.16057390443488287,0
1180,3,0,0.39733614664380856,0,0,0.014110458666029575,1
1181,3,0,0.39733614664380856,0,0,0.015712553569072387,0
1182,1,0,0.39733614664380856,0,0,0.07729405233978466,0
1183,3,1,0.3933799287880786,0,0,0.013565496559633922,2
1184,3,0,0.39733614664380856,0,0,0.014110458666029575,1
1185,1,0,0.6966899643940393,1,1,0.15977676072337862,0
1186,3,0,0.472504285902677,0,0,0.018542765081514,0
1187,3,0,0.34063035737834635,0,0,0.015411575213749288,0
1188,2,1,0.010945536067519452,1,2,0.08115719346076702,1
1189,3,0,0.39733614664380856,2,0,0.042314980290016665,1
1190,1,0,0.3933799287880786,0,0,0.08881008539040912,0
1191,3,0,0.3801925359356456,0,0,0.01533037742139234,0
1192,3,0,0.4197547144929448,0,0,0.015175789316712773,0
1193,2,0,0.39733614664380856,0,0,0.029367445775099286,1
1194,2,0,0.5648160358697086,0,1,0.04098927018018883,0
1195,3,0,0.31425557167348017,0,0,0.01690807394932789,0
1196,3,1,0.39733614664380856,0,0,0.015126992566498259,2
1197,1,1,0.8417512857708032,1,1,0.05182214872781017,0
1198,1,0,0.3933799287880786,1,2,0.2958058998003628,0
1199,3,0,0.008703679282605828,0,1,0.018249984580226933,0
1200,1,0,0.7230647500989055,1,1,0.18249984580226933,0
1201,3,1,0.5911908215745747,1,0,0.027537567642055148,0
1202,3,0,0.2351312145588817,0,0,0.01690807394932789,0
1203,3,0,0.287880785968614,0,0,0.014102260811993537,1
1204,3,0,0.39733614664380856,0,0,0.014785415314996688,0
1205,3,1,0.4856916787551102,0,0,0.015126992566498259,2
1206,1,1,0.7230647500989055,0,0,0.2647385704347907,1
1207,3,1,0.22194382170644866,0,0,0.015094396337354966,2
1208,1,0,0.7494395358037717,1,0,0.2859895551532101,1
1209,2,0,0.2483186074113148,0,0,0.02049463509009441,0
1210,3,0,0.3538177502307794,0,0,0.01533037742139234,0
1211,2,0,0.287880785968614,2,0,0.06148390527028325,0
1212,3,0,0.34063035737834635,0,0,0.015175789316712773,0
1213,3,0,0.3274429645259133,0,0,0.014110458666029575,1
1214,2,0,0.34063035737834635,0,0,0.025374310111545468,0
1215,1,0,0.43294210734537786,0,0,0.05182214872781017,0
1216,1,1,0.5120664644599763,0,0,0.41250332793836464,0
1217,3,0,0.3010681788210471,0,0,0.013760683560491965,0
1218,2,1,0.15600685744428328,2,1,0.07612293033463641,0
1219,1,0,0.6043782144270078,0,0,0.15458810467956932,1
1220,2,0,0.3801925359356456,1,0,0.050748620223090936,0
1221,2,0,0.27469339311618096,0,0,0.025374310111545468,0
1222,2,1,0.630753000131874,0,2,0.07173122281533045,0
1223,1,0,0.5120664644599763,0,0,0.057970539254838485,1
1224,3,0,0.39733614664380856,0,0,0.014102260811993537,1
1225,3,1,0.2483186074113148,1,1,0.030725752114070408,1
1226,3,0,0.3538177502307794,0,0,0.015411575213749288,0
1227,1,0,0.3933799287880786,0,0,0.050748620223090936,0
1228,2,0,0.4197547144929448,0,0,0.025374310111545468,0
1229,3,0,0.5120664644599763,0,2,0.014110458666029575,1
1230,2,0,0.3274429645259133,0,0,0.06148390527028325,0
1231,3,0,0.39733614664380856,0,0,0.014110458666029575,1
1232,2,0,0.2351312145588817,0,0,0.02049463509009441,0
1233,3,0,0.4197547144929448,0,0,0.014793613169032724,0
1234,3,0,0.39733614664380856,1,9,0.13575255909676825,0
1235,1,1,0.7626269286562047,0,1,1.0,1
1236,3,0,0.39733614664380856,1,1,0.028302115124416095,0
1237,3,1,0.2087564288540156,0,0,0.014931805565640218,0
1238,2,0,0.34063035737834635,0,0,0.025374310111545468,0
1239,3,1,0.4988790716075432,0,0,0.014110458666029575,1
1240,2,0,0.31425557167348017,0,0,0.026350245115835683,0
1241,2,1,0.4065673216405117,0,0,0.04098927018018883,0
1242,1,1,0.5911908215745747,0,1,0.12366716556464084,1
1243,2,0,0.3274429645259133,0,0,0.02049463509009441,0
1244,2,0,0.2351312145588817,0,0,0.1434624456306609,0
1245,2,0,0.643940392984307,1,2,0.12687155055772734,0
1246,3,1,0.0,1,2,0.04015972542654215,0
1247,1,0,0.6571277858367401,0,0,0.050748620223090936,0
1248,1,1,0.7758143215086378,2,0,0.1004807065457132,0
1249,3,0,0.39733614664380856,0,0,0.01537917417160685,0
1250,3,0,0.39733614664380856,0,0,0.015126992566498259,2
1251,3,1,0.3933799287880786,1,0,0.030351578633425545,0
1252,3,0,0.188975339575366,8,2,0.13575255909676825,0
1253,2,1,0.31425557167348017,1,1,0.07222738817151159,1
1254,2,1,0.4065673216405117,0,0,0.04098927018018883,0
1255,3,0,0.3538177502307794,0,0,0.01690807394932789,0
1256,1,1,0.3274429645259133,1,0,0.1082149914547131,1
1257,3,1,0.39733614664380856,1,9,0.13575255909676825,0
1258,3,0,0.39733614664380856,1,0,0.02822072214505829,1
1259,3,1,0.287880785968614,0,0,0.07746484096553544,0
1260,1,1,0.5911908215745747,0,1,0.11594107850967696,1
1261,2,0,0.3801925359356456,0,0,0.027049600139910042,1
1262,2,0,0.27469339311618096,1,0,0.02244650509867484,0
1263,1,1,0.4065673216405117,0,0,0.2625265161540666,1
1264,1,0,0.643940392984307,0,0,0.0,0
1265,2,0,0.5780034287221416,0,0,0.025374310111545468,0
1266,1,1,0.7098773572464724,1,1,0.15977676072337862,0
1267,1,1,0.5911908215745747,0,0,0.5121218935012878,1
1268,3,1,0.287880785968614,2,0,0.01690807394932789,0
1269,2,0,0.27469339311618096,0,0,0.02244650509867484,0
1270,1,0,0.7230647500989055,0,0,0.09759350042902104,0
1271,3,0,0.06369510747725175,4,2,0.06126431989431795,0
1272,3,0,0.39733614664380856,0,0,0.015126992566498259,2
1273,3,0,0.34063035737834635,0,0,0.01537917417160685,2
1274,3,1,0.39733614664380856,0,0,0.028302115124416095,0
1275,3,1,0.2483186074113148,1,0,0.031425107138144774,0
1276,2,0,0.39733614664380856,0,0,0.025130326360472917,0
1277,2,1,0.31425557167348017,1,2,0.12687155055772734,0
1278,3,0,0.31425557167348017,0,0,0.015175789316712773,0
1279,2,0,0.7494395358037717,0,0,0.025374310111545468,0
1280,3,0,0.27469339311618096,0,0,0.015126992566498259,2
1281,3,0,0.07688250032968483,3,1,0.04113566043083236,0
1282,1,0,0.3010681788210471,0,0,0.18249984580226933,0
1283,1,1,0.6703151786891732,0,1,0.07690367833806856,0
1284,3,0,0.16919425029671634,0,2,0.03952536767375352,0
1285,2,0,0.6175656072794409,0,0,0.02049463509009441,0
1286,3,0,0.3801925359356456,3,1,0.042989936938983765,0
1287,1,1,0.2351312145588817,1,0,0.11711220051482525,0
1288,3,0,0.31425557167348017,0,0,0.014151057562208047,2
1289,1,1,0.630753000131874,1,1,0.15458810467956932,1
1290,3,0,0.287880785968614,0,0,0.015175789316712773,0
1291,3,0,0.4065673216405117,0,0,0.015094396337354966,2
1292,1,1,0.3933799287880786,0,0,0.32179836714362564,0
1293,2,0,0.4988790716075432,1,0,0.04098927018018883,0
1294,1,1,0.287880785968614,0,1,0.11594107850967696,1
1295,1,0,0.22194382170644866,0,0,0.0919330774041378,0
1296,1,0,0.5648160358697086,1,0,0.05410739813385612,1
1297,2,0,0.2615060002637479,0,0,0.02705779799394608,1
1298,2,0,0.3010681788210471,1,0,0.02049463509009441,0
1299,1,0,0.6571277858367401,1,1,0.41282050681475896,1
1300,3,1,0.39733614664380856,0,0,0.01506999796224771,2
1301,3,1,0.0373203217723856,1,1,0.02688700936819529,0
1302,3,1,0.39733614664380856,0,0,0.015126992566498259,2
1303,1,1,0.4856916787551102,1,0,0.17566830077223786,2
1304,3,1,0.3670051430832125,0,0,0.015175789316712773,0
1305,3,0,0.39733614664380856,0,0,0.015712553569072387,0
1306,1,1,0.5120664644599763,0,0,0.2125586439344078,1
1307,3,0,0.5054727680337597,0,0,0.014151057562208047,0
1308,3,0,0.39733614664380856,0,0,0.015712553569072387,0
1309,3,0,0.39733614664380856,1,1,0.04364049521284362,1
