Id,TextTopics,TopicPercentages
99_3005_4,44,0.8802415
99_3006_4,42,0.7643696
99_3008_4,24,0.314642
99_3015_4,15,0.315499
99_3022_4,2,0.64920616
99_3024_4,12,0.48386467
99_3030_4,64,0.5904963
99_3031_4,26,0.49361554
99_3034_4,52,0.4814197
99_3035_4,52,0.6994338
99_3039_4,42,0.48294863
99_3041_4,66,0.6666666666666666
99_3044_4,31,0.49164614
99_3045_4,49,0.48312983
99_3056_4,26,0.76794857
99_3057_4,20,0.4837061
99_3062_4,31,0.66240793
99_3064_4,31,0.48369816
99_3071_4,16,0.5057069
99_3080_4,20,0.4837061
99_3093_4,42,0.64953744
99_3102_4,33,0.59529674
99_3110_4,49,0.64968824
99_3124_4,18,0.6680061
99_3127_4,18,0.37899736
99_3131_4,42,0.6495678
99_3132_4,68,0.3333333333333333
99_3133_4,68,0.3333333333333333
99_3137_4,30,0.420147
99_3139_4,26,0.4875459
99_3142_4,52,0.48142734
99_3145_4,16,0.38021883
99_3146_4,51,0.6528587
99_3148_4,47,0.6483199
99_3149_4,15,0.64965695
99_3151_4,42,0.48295513
99_3156_4,12,0.48386407
99_3157_4,54,0.3699239
99_3159_4,4,0.33433527
99_3161_4,2,0.6492049
99_3162_4,12,0.48386407
99_3163_4,68,0.6666666666666666
99_3164_4,48,0.3746869
99_3165_4,63,0.3947004
99_3168_4,22,0.4830269
99_3170_4,68,0.4
99_3174_4,9,0.48218763
99_3180_4,9,0.48218912
99_3190_4,12,0.48386407
99_3192_4,7,0.49503502
99_3193_4,53,0.308826
99_3199_4,16,0.50570786
99_3200_4,25,0.7418874
99_3206_4,28,0.706102
99_3210_4,16,0.664992
99_3211_4,68,0.3333333333333333
99_3212_4,59,0.48457146
99_3228_4,14,0.47718748
99_3229_4,16,0.50570667
99_3230_4,49,0.4831293
99_3240_4,52,0.59031945
99_3242_4,68,0.4
99_3249_4,2,0.3947466
99_3252_4,38,0.72195816
99_3255_4,2,0.48241884
99_3258_4,68,0.3333333333333333
99_3259_4,12,0.7510818
99_3263_4,68,0.6666666666666666
99_3268_4,36,0.8654923
99_3269_4,32,0.32404566
99_3270_4,44,0.3309784
99_3275_4,32,0.48274797
99_3282_4,62,0.62089133
99_3283_4,59,0.48457146
99_3285_4,61,0.77042913
99_3287_4,63,0.6490267
99_3289_4,32,0.48275456
99_3290_4,17,0.7346383
99_3291_4,7,0.7418518
99_3293_4,23,0.48211038
99_3295_4,39,0.48259723
99_3296_4,48,0.61698264
99_3299_4,47,0.37214768
99_3300_4,33,0.44880447
99_3302_4,18,0.32783276
99_3303_4,42,0.48295513
99_3304_4,26,0.33185732
99_3307_4,19,0.34185746
99_3309_4,42,0.48295513
99_3311_4,25,0.59015197
99_3316_4,39,0.47616932
99_3318_4,59,0.4845704
99_3323_4,16,0.50570786
99_3329_4,19,0.3020986
99_3336_4,20,0.49137306
99_3337_4,3,0.8655766
99_3342_4,44,0.4241641
99_3349_4,26,0.62014854
99_3353_4,16,0.50569695
99_3360_4,33,0.48240444
99_3364_4,68,0.42857142857142855
99_3375_4,21,0.48101825
99_3379_4,59,0.395667
99_3381_4,27,0.61676246
99_3386_4,68,0.3333333333333333
99_3388_4,31,0.8659895
99_3390_4,68,0.3333333333333333
99_3399_4,12,0.48565665
99_3400_4,68,0.3333333333333333
99_3403_4,68,0.3333333333333333
99_3413_4,68,0.6666666666666666
99_3415_4,52,0.5648816
99_3417_4,3,0.42429915
99_3422_4,60,0.82169455
99_3431_4,16,0.5057063
99_3433_4,57,0.5648098
99_3445_4,55,0.6485693
99_3450_4,46,0.4838521
99_3465_4,61,0.64881724
99_3476_4,61,0.64881974
99_3477_4,12,0.6501869
99_3479_4,64,0.32712886
99_3480_4,42,0.48295513
99_3481_4,27,0.5683846
99_3486_4,42,0.48295513
99_3492_4,38,0.48314208
99_3508_4,33,0.64919686
99_3509_4,6,0.4835722
99_3512_4,42,0.48295513
99_3515_4,46,0.4441792
99_3521_4,9,0.30513334
99_3533_4,48,0.5746383
99_3535_4,16,0.5057069
99_3546_4,16,0.50570786
99_3549_4,16,0.50570786
99_3559_4,12,0.591327
99_3561_4,21,0.6572964
99_3564_4,19,0.3275032
99_3566_4,42,0.48295513
99_3567_4,19,0.33615988
99_3568_4,22,0.48304033
99_3569_4,32,0.48275456
99_3570_4,12,0.40963203
99_3571_4,22,0.46027178
99_3572_4,16,0.50570667
99_3573_4,26,0.43369973
99_3578_4,32,0.5411564
99_3579_4,53,0.5503995
99_3593_4,62,0.481395
99_3594_4,51,0.49580374
99_3597_4,42,0.6495697
99_3603_4,16,0.50570774
99_3612_4,6,0.48357332
99_3620_4,23,0.4046811
99_3627_4,30,0.6437315
99_3629_4,32,0.48275438
99_3630_4,37,0.45221144
99_3635_4,68,0.3333333333333333
99_3640_4,51,0.4776875
99_3644_4,19,0.3187341
99_3651_4,18,0.51015604
99_3660_4,24,0.8220507
99_3664_4,31,0.6500737
99_3666_4,16,0.41701236
99_3667_4,2,0.48241404
99_3668_4,13,0.5805321
99_3670_4,23,0.482103
99_3676_4,42,0.48295513
99_3678_4,13,0.4830595
99_3681_4,40,0.48266688
99_3683_4,56,0.6575001
99_3696_4,53,0.8484585
99_3699_4,42,0.56540895
99_3703_4,39,0.48260152
99_3705_4,17,0.4823009
99_3706_4,18,0.60208344
99_3712_4,33,0.793262
99_3713_4,49,0.42465517
99_3719_4,63,0.6041571
99_3720_4,13,0.4830595
99_3724_4,55,0.5425261
99_3729_4,13,0.62185353
99_3735_4,61,0.8214342
99_3738_4,53,0.62032616
99_3741_4,35,0.9484323
99_3753_4,26,0.48754585
99_3756_4,49,0.7350629
99_3757_4,33,0.32874838
99_3760_4,26,0.39685565
99_3769_4,16,0.4073386
99_3771_4,31,0.48369816
99_3776_4,48,0.32483816
99_3788_4,32,0.48275456
99_3791_4,20,0.4837061
99_3795_4,14,0.7218376
99_3796_4,49,0.6496679
99_3798_4,28,0.35755035
99_3801_4,37,0.48456904
99_3806_4,48,0.46579787
99_3807_4,16,0.50570786
99_3808_4,16,0.66576976
99_3812_4,68,0.3333333333333333
99_3813_4,68,0.3333333333333333
99_3820_4,68,0.5
99_3821_4,16,0.5057073
99_3823_4,55,0.5613105
99_3829_4,68,0.3333333333333333
99_3834_4,12,0.49173394
99_3836_4,54,0.48323065
99_3837_4,42,0.48295513
99_3839_4,33,0.64919686
99_3842_4,59,0.65066
99_3846_4,59,0.46794036
99_3851_4,10,0.4936492
99_3861_4,32,0.32849762
99_3862_4,30,0.3758873
99_3864_4,42,0.64956796
99_3865_4,12,0.650175
99_3873_4,68,0.3333333333333333
99_3875_4,20,0.4837061
99_3876_4,66,0.3333333333333333
99_3889_4,42,0.48295513
99_3890_4,62,0.76781684
99_3891_4,68,0.4
99_3894_4,42,0.48295513
99_3900_4,61,0.49527472
99_3901_4,68,0.3333333333333333
99_3909_4,63,0.6490284
99_3915_4,20,0.3953088
99_3921_4,16,0.5057079
99_3923_4,30,0.6505708
99_3925_4,33,0.39315274
99_3927_4,59,0.45978314
99_3931_4,47,0.35917667
99_3932_4,61,0.4242139
99_3938_4,68,0.3333333333333333
99_3945_4,30,0.5915329
99_3947_4,68,0.3333333333333333
99_3949_4,57,0.48118696
99_3951_4,42,0.48295513
99_3954_4,38,0.48314202
99_3958_4,68,0.3333333333333333
99_3959_4,42,0.6495697
99_3960_4,59,0.38240075
99_3962_4,22,0.6496284
99_3965_4,48,0.6609273
99_3966_4,16,0.5057052
99_3979_4,30,0.4844315
99_3980_4,20,0.3486466
99_3982_4,23,0.6489947
99_3983_4,30,0.59155726
99_3984_4,68,0.5
99_3985_4,68,0.3333333333333333
99_3986_4,42,0.49125794
99_3987_4,18,0.50345117
99_3991_4,60,0.64933157
99_3995_4,52,0.39436355
99_3996_4,29,0.48450005
99_4000_4,68,0.3333333333333333
99_4006_4,68,0.3333333333333333
99_4008_4,49,0.67955697
99_4009_4,21,0.5541071
99_4010_4,68,0.3333333333333333
99_4012_4,63,0.48214674
99_4014_4,53,0.48823994
99_4020_4,14,0.82125014
99_4022_4,32,0.48275456
99_4032_4,61,0.49070388
99_4033_4,51,0.65286237
99_4035_4,42,0.67103875
99_4036_4,42,0.4941732
99_4041_4,42,0.48295513
99_4042_4,32,0.33593276
99_4050_4,27,0.4203996
99_4053_4,20,0.4837061
99_4056_4,24,0.61915416
99_4057_4,16,0.5057079
99_4058_4,14,0.49353907
99_4060_4,63,0.6576891
99_4066_4,56,0.4816031
99_4067_4,20,0.7872095
99_4068_4,39,0.6390722
99_4071_4,10,0.48161298
99_4079_4,22,0.6496262
99_4081_4,42,0.48295513
99_4083_4,30,0.42499486
99_4084_4,38,0.48314208
99_4088_4,17,0.32890406
99_4091_4,63,0.49535975
99_4099_4,37,0.686834
99_4102_4,19,0.33627835
99_4104_4,12,0.48386407
99_4111_4,47,0.7340307
99_4121_4,33,0.64919686
99_4122_4,16,0.5056988
99_4127_4,33,0.48240438
99_4136_4,47,0.48111445
99_4137_4,6,0.3304498
99_4143_4,68,0.3333333333333333
99_4149_4,16,0.50570726
99_4152_4,20,0.50742257
99_4155_4,51,0.44224256
99_4156_4,19,0.7716309
99_4163_4,32,0.39488867
99_4166_4,63,0.7865765
99_4167_4,7,0.82110965
99_4172_4,54,0.38285893
99_4178_4,8,0.48162776
99_4183_4,26,0.48754585
99_4188_4,37,0.3956664
99_4190_4,42,0.48295513
99_4196_4,68,0.3333333333333333
99_4198_4,68,0.3333333333333333
99_4204_4,49,0.48312303
99_4210_4,59,0.48457122
99_4211_4,41,0.5824685
99_4212_4,68,0.3333333333333333
99_4217_4,36,0.68407357
99_4218_4,68,0.5
99_4220_4,30,0.4603007
99_4228_4,27,0.32435256
99_4229_4,9,0.56878227
99_4231_4,54,0.48321858
99_4237_4,42,0.48295513
99_4239_4,6,0.39525
99_4241_4,23,0.64899176
99_4251_4,55,0.70567447
99_4252_4,22,0.64962137
99_4253_4,26,0.48754585
99_4256_4,2,0.48241884
99_4259_4,8,0.48162776
99_4263_4,32,0.38781348
99_4264_4,23,0.64899653
99_4266_4,30,0.42716593
99_4269_4,5,0.4912885
99_4270_4,18,0.48326698
99_4275_4,16,0.505706
99_4276_4,4,0.8463792
99_4277_4,43,0.48364818
99_4280_4,61,0.481847
99_4281_4,22,0.38520336
99_4283_4,58,0.64900875
99_4287_4,62,0.7419823
99_4289_4,63,0.36515772
99_4290_4,49,0.4594783
99_4292_4,17,0.42437008
99_4298_4,49,0.5910016
99_4300_4,68,0.3333333333333333
99_4306_4,50,0.490384
99_4309_4,16,0.5057029
99_4310_4,6,0.3911851
99_4311_4,38,0.48314196
99_4319_4,4,0.61867505
99_4320_4,39,0.39485183
99_4322_4,16,0.5057016
99_4330_4,16,0.5056949
99_4334_4,21,0.733981
99_4335_4,21,0.42146552
99_4340_4,4,0.6114464
99_4347_4,32,0.49115688
99_4349_4,11,0.758352
99_4360_4,9,0.41697454
99_4361_4,49,0.7343694
99_4738_4,16,0.5057058
99_4740_4,29,0.6506246
99_4741_4,44,0.7420541
99_4742_4,60,0.48260576
99_4743_4,40,0.48266587
99_4744_4,50,0.6483855
99_4747_4,44,0.9018143
99_4748_4,40,0.48266688
99_4749_4,56,0.37179533
99_4750_4,60,0.48260576
99_4751_4,42,0.7423816
99_4753_4,59,0.8473773
99_4754_4,58,0.4821226
99_4755_4,14,0.89202005
99_4756_4,58,0.8393983
99_4757_4,37,0.48457727
99_4758_4,15,0.4830829
99_4759_4,18,0.66800654
99_4762_4,24,0.6500316
99_4764_4,40,0.49111533
99_4765_4,51,0.4877912
99_4766_4,15,0.43950045
99_4767_4,36,0.4817898
99_4768_4,14,0.48129827
99_4770_4,62,0.481395
99_4772_4,63,0.42430365
99_4776_4,41,0.7057806
99_4777_4,18,0.51015604
99_4778_4,44,0.8117485
99_4779_4,2,0.4243865
99_4780_4,58,0.86558235
99_4783_4,27,0.8097382
99_4787_4,18,0.51015604
99_4788_4,3,0.6707859
99_4789_4,15,0.6481731
99_4791_4,18,0.51015604
99_4792_4,11,0.9322654
99_4793_4,21,0.9727814
99_4795_4,13,0.8805646
99_4796_4,43,0.9021912
99_4797_4,36,0.48178786
99_4801_4,33,0.6465798
99_4802_4,19,0.940327
99_4803_4,49,0.8218737
99_4805_4,24,0.6500307
99_4806_4,50,0.6565227
99_4807_4,40,0.74943054
99_4810_4,27,0.45620933
99_4811_4,18,0.51015604
99_4815_4,64,0.8421183
99_4816_4,18,0.51015604
99_4817_4,19,0.48637682
99_4818_4,40,0.48266688
99_4820_4,59,0.484568
99_4821_4,53,0.48821652
99_4823_4,2,0.48241884
99_4824_4,15,0.8060975
99_4825_4,20,0.73394364
99_4827_4,13,0.4830595
99_4828_4,65,0.72384566
99_4830_4,24,0.6500316
99_4831_4,24,0.48363632
99_4832_4,18,0.51015604
99_4840_4,18,0.30414754
99_4841_4,18,0.66800654
99_4842_4,18,0.51015604
99_4844_4,22,0.48304033
99_4845_4,18,0.51015604
99_4847_4,45,0.4822604
99_4848_4,53,0.62033165
99_4849_4,18,0.51011014
99_4850_4,1,0.3757376
99_4856_4,36,0.48178333
99_4859_4,22,0.35080215
99_4860_4,24,0.6500327
99_4863_4,35,0.4826019
99_4864_4,45,0.47693458
99_4868_4,2,0.48241884
99_4870_4,55,0.59510344
99_4871_4,34,0.88021016
99_4872_4,2,0.48241884
99_4873_4,18,0.51015604
99_4876_4,14,0.6484515
99_4881_4,18,0.51015604
99_4882_4,53,0.48821655
99_4887_4,5,0.5909721
99_4888_4,15,0.49133158
99_4889_4,60,0.48260576
99_4892_4,38,0.73003376
99_4895_4,31,0.4836938
99_4896_4,29,0.484509
99_4897_4,18,0.51015604
99_4898_4,53,0.4882397
99_4899_4,11,0.5902987
99_4900_4,51,0.48781252
99_4903_4,51,0.5874145
99_4904_4,18,0.51015604
99_4906_4,51,0.48781183
99_4908_4,24,0.48363632
99_4909_4,53,0.6531525
99_4911_4,46,0.4838539
99_4913_4,16,0.664992
99_4914_4,18,0.51015604
99_4915_4,18,0.6680057
99_4916_4,16,0.49340695
99_4917_4,16,0.5057082
99_4918_4,30,0.49201897
99_4923_4,18,0.6680062
99_4924_4,18,0.51015604
99_4925_4,58,0.649001
99_4926_4,42,0.48295173
99_4928_4,52,0.5658424
99_4929_4,35,0.4826019
99_4931_4,30,0.54913986
99_4932_4,18,0.66800654
99_4933_4,35,0.3395819
99_4934_4,18,0.51015604
99_4938_4,12,0.5533532
99_4941_4,12,0.72209126
99_4942_4,15,0.6981906
99_4945_4,10,0.6736793
99_4948_4,18,0.60214305
99_4951_4,24,0.65003115
99_4953_4,1,0.48104522
99_4954_4,56,0.48160726
99_4956_4,18,0.66800624
99_4958_4,4,0.6185141
99_4959_4,53,0.3156064
99_4965_4,60,0.36580595
99_4967_4,60,0.48260576
99_4968_4,51,0.48781252
99_4969_4,42,0.4829522
99_4970_4,34,0.4815255
99_4971_4,18,0.6680055
99_4972_4,18,0.4906721
99_4975_4,65,0.9188018
99_4978_4,28,0.6495376
99_4979_4,16,0.39651898
99_4982_4,24,0.4750653
99_4984_4,18,0.49353716
99_4985_4,16,0.5057082
99_4986_4,32,0.34705606
99_4987_4,65,0.35419935
99_4989_4,23,0.8803417
99_4990_4,59,0.3308272
99_4991_4,30,0.6505689
99_4992_4,51,0.48781183
99_4993_4,18,0.49710146
99_4994_4,18,0.6680058
99_4995_4,12,0.39537314
99_4996_4,13,0.4830595
99_4997_4,53,0.48823994
99_5002_4,43,0.76448244
99_5003_4,9,0.44134057
99_5004_4,23,0.63169295
99_5006_4,12,0.8471682
99_5007_4,60,0.48260576
99_5009_4,59,0.6506571
99_5016_4,60,0.48260576
99_5019_4,16,0.5056964
99_5021_4,55,0.59033054
99_5024_4,18,0.51015604
99_5028_4,9,0.5861151
99_5030_4,40,0.7162506
99_5031_4,6,0.39524692
99_5032_4,65,0.4816664
99_5035_4,16,0.8296633
99_5036_4,49,0.4109905
99_5039_4,16,0.5057033
99_5040_4,47,0.82734555
99_5041_4,40,0.6493723
99_5043_4,18,0.6679994
99_5045_4,46,0.787274
99_5048_4,6,0.48357338
99_5050_4,52,0.6485355
99_5052_4,43,0.65005136
99_5055_4,51,0.48781252
99_5056_4,18,0.66800654
99_5057_4,59,0.3308201
99_5058_4,42,0.49127102
99_5059_4,16,0.59549683
99_5060_4,40,0.49510053
99_5061_4,52,0.94290525
99_5062_4,58,0.48213685
99_5063_4,24,0.6500327
99_5068_4,41,0.48181987
99_5070_4,18,0.51015604
99_5073_4,18,0.5374641
99_5074_4,55,0.5519292
99_5075_4,19,0.6518995
99_5077_4,51,0.48781252
99_5081_4,16,0.49777484
99_5084_4,35,0.4826019
99_5085_4,18,0.50345683
99_5087_4,15,0.34752104
99_5091_4,18,0.51015604
99_5092_4,36,0.64878076
99_5093_4,38,0.48313802
99_5094_4,6,0.3952272
99_5098_4,42,0.54712176
99_5102_4,35,0.4826019
99_5104_4,10,0.49057382
99_5106_4,13,0.34100384
99_5111_4,20,0.48369005
99_5116_4,30,0.35939693
99_5117_4,18,0.51015604
99_5118_4,40,0.49111545
99_5121_4,18,0.4970541
99_5124_4,16,0.5057045
99_5125_4,24,0.6500319
99_5126_4,24,0.7353234
99_5127_4,22,0.48304033
99_5131_4,40,0.48266688
99_5132_4,18,0.668006
99_5134_4,16,0.664992
99_5136_4,23,0.48209792
99_5137_4,53,0.33202434
99_5138_4,24,0.48363626
99_5139_4,16,0.5057064
99_5140_4,18,0.7141439
99_5141_4,18,0.37356
99_5142_4,35,0.4826019
99_5143_4,16,0.3623958
99_5144_4,33,0.6491962
99_5145_4,12,0.6501876
99_5146_4,16,0.66499186
99_5149_4,18,0.51015604
99_5151_4,26,0.48754585
99_5152_4,40,0.33081746
99_5154_4,43,0.65003294
99_5155_4,35,0.4826019
99_5156_4,18,0.51015604
99_5157_4,51,0.48781252
99_5158_4,50,0.96601224
99_5159_4,44,0.39445412
99_5160_4,16,0.48398325
99_5161_4,41,0.369974
99_5163_4,18,0.6680055
99_5164_4,4,0.3026359
99_5166_4,53,0.48823994
99_5167_4,38,0.59102243
99_5169_4,46,0.48385373
99_5170_4,18,0.66800654
99_5171_4,23,0.59058356
99_5174_4,13,0.61573225
99_5176_4,37,0.9742518
99_5178_4,22,0.4361908
99_5179_4,36,0.32931358
99_5180_4,53,0.4882397
99_5182_4,24,0.65003175
99_5183_4,27,0.6187808
99_5184_4,37,0.7017268
99_5185_4,17,0.94145125
99_5186_4,13,0.7329448
99_5187_4,12,0.588634
99_5188_4,9,0.35646036
99_5189_4,15,0.5420925
99_5190_4,34,0.8464807
99_5191_4,13,0.54579747
99_5192_4,3,0.6632604
99_5193_4,3,0.70828193
99_5194_4,18,0.33031142
99_5195_4,5,0.620751
99_5196_4,1,0.44257727
99_5197_4,16,0.664992
99_5199_4,3,0.8921882
99_5200_4,17,0.72370994
99_5201_4,16,0.5650853
99_5202_4,3,0.5118463
99_5203_4,3,0.6027417
99_5206_4,16,0.5028515
99_5207_4,65,0.9226994
99_5208_4,50,0.7761404
99_5209_4,12,0.8408272
99_5210_4,51,0.48781183
99_5211_4,17,0.5000689
99_5213_4,50,0.721261
99_5215_4,47,0.77389544
99_5218_4,21,0.93617857
99_5219_4,16,0.45882025
99_5220_4,33,0.33008027
99_5221_4,33,0.71771497
99_5222_4,17,0.7705275
99_5223_4,15,0.49862334
99_5224_4,15,0.6683076
99_5225_4,3,0.39567095
99_5226_4,61,0.7468898
99_5227_4,9,0.82155335
99_5228_4,45,0.7961396
99_5229_4,17,0.8293713
99_5230_4,26,0.39272147
99_5232_4,34,0.7687153
99_5233_4,16,0.49739903
99_5234_4,46,0.4838539
99_5235_4,18,0.5052067
99_5237_4,63,0.48215565
99_5240_4,53,0.65315264
99_5243_4,15,0.4947371
99_5245_4,48,0.6494017
99_5247_4,16,0.66499203
99_5248_4,16,0.5057082
99_5249_4,16,0.5057082
99_5250_4,35,0.42443055
99_5251_4,16,0.5057079
99_5252_4,2,0.39066106
99_5255_4,40,0.67692995
99_5257_4,4,0.69436055
99_5258_4,16,0.66499203
99_5259_4,16,0.664992
99_5260_4,33,0.37376848
99_5262_4,16,0.36695856
99_5263_4,47,0.8918633
99_5264_4,43,0.9845085
99_5265_4,13,0.7277789
99_5267_4,65,0.7902506
99_5268_4,16,0.5057082
99_5271_4,16,0.5057082
99_5273_4,54,0.49417925
99_5274_4,65,0.4905968
99_5275_4,47,0.7988467
99_5277_4,53,0.48823994
99_5278_4,65,0.48166335
99_5279_4,18,0.39151254
99_5280_4,64,0.78646207
99_5281_4,37,0.93244886
99_5282_4,13,0.6392516
99_5283_4,65,0.5859248
99_5284_4,16,0.38331106
99_5285_4,65,0.5682265
99_5286_4,17,0.48229435
99_5287_4,16,0.37454072
99_5288_4,3,0.70586556
99_5289_4,16,0.664992
99_5290_4,41,0.8108855
99_5291_4,20,0.7746377
99_5293_4,50,0.49037606
99_5295_4,17,0.5157733
99_5296_4,16,0.6915008
99_5297_4,45,0.764253
99_5298_4,24,0.4750384
99_5299_4,3,0.82890457
99_5300_4,18,0.3174824
99_5303_4,16,0.664992
99_5304_4,16,0.6649919
99_5305_4,62,0.48140094
99_5307_4,35,0.49108472
99_5310_4,49,0.9101786
99_5311_4,16,0.5895989
99_5313_4,3,0.34287357
99_5314_4,34,0.3046773
99_5316_4,17,0.33134365
99_5317_4,46,0.48383927
99_5319_4,17,0.6731031
99_5320_4,32,0.88048905
99_5321_4,18,0.37555072
99_5324_4,18,0.33006388
99_5325_4,46,0.6950635
99_5326_4,12,0.4957865
99_5328_4,57,0.8801291
99_5329_4,59,0.36347243
99_5330_4,59,0.82328105
99_5331_4,16,0.49701762
99_5332_4,62,0.7294654
99_5333_4,27,0.45583218
99_5334_4,8,0.51574033
99_5335_4,22,0.45608544
99_5336_4,16,0.6649889
99_5337_4,15,0.6023873
99_5339_4,15,0.5682064
99_5340_4,42,0.61898106
99_5342_4,13,0.46159148
99_5346_4,64,0.37105954
99_5347_4,1,0.5268963
99_5348_4,21,0.6611307
99_5349_4,18,0.43641764
99_5350_4,26,0.6526811
99_5353_4,16,0.48530525
99_5354_4,20,0.82207584
99_5355_4,22,0.75752
99_5357_4,5,0.4130975
99_5358_4,3,0.8970688
99_5359_4,16,0.664992
99_5360_4,10,0.742036
99_5361_4,6,0.39525977
99_5362_4,16,0.60033023
99_5365_4,20,0.41380373
99_5367_4,53,0.59183484
99_5368_4,18,0.6680063
99_5369_4,16,0.48105925
99_5371_4,15,0.7082563
99_5372_4,2,0.4448577
99_5373_4,51,0.44221088
99_5374_4,2,0.8216348
99_5376_4,20,0.81213194
99_5378_4,58,0.57795966
99_5379_4,59,0.65066516
99_5380_4,39,0.49107742
99_5381_4,21,0.7791558
99_5382_4,45,0.6595627
99_5383_4,16,0.4242271
99_5384_4,59,0.8055247
99_5385_4,33,0.59730184
99_5387_4,33,0.6116341
99_5388_4,15,0.5909857
99_5389_4,17,0.9019302
99_5390_4,16,0.66499174
99_5392_4,18,0.3850844
99_5393_4,62,0.50636834
99_5394_4,13,0.73893225
99_5395_4,10,0.6081956
99_5396_4,29,0.65061986
99_5397_4,62,0.36656037
99_5398_4,9,0.3689108
99_5399_4,46,0.85211605
99_5400_4,16,0.6649919
99_5401_4,16,0.36070043
99_5403_4,61,0.9362809
99_5404_4,16,0.48969215
99_5405_4,53,0.3825675
99_5406_4,18,0.66800606
99_5408_4,53,0.6360317
99_5410_4,37,0.84738785
99_5411_4,30,0.47871268
99_5412_4,23,0.5590929
99_5413_4,39,0.5561275
99_5414_4,55,0.80800754
99_5415_4,26,0.39427698
99_5419_4,55,0.48613256
99_5420_4,16,0.42577612
99_5422_4,26,0.35874975
99_5424_4,53,0.65315264
99_5426_4,16,0.46945116
99_5427_4,63,0.7697535
99_5428_4,47,0.37166548
99_5429_4,13,0.54351705
99_5430_4,23,0.44403452
99_5431_4,12,0.54546404
99_5432_4,16,0.5792764
99_5435_4,16,0.41343018
99_5436_4,55,0.40479177
99_5437_4,11,0.7249566
99_5438_4,50,0.3717025
99_5439_4,4,0.5902103
99_5440_4,16,0.572064
99_5441_4,47,0.7752085
99_5442_4,53,0.45171666
99_5443_4,18,0.4805674
99_5444_4,16,0.40527028
99_5445_4,12,0.4928145
99_5446_4,40,0.48266587
99_5448_4,4,0.48117498
99_5449_4,55,0.9392735
99_5450_4,58,0.8604055
99_5451_4,4,0.6228969
99_5452_4,18,0.46751451
99_5453_4,52,0.9017677
99_5456_4,55,0.6565885
99_5457_4,53,0.65315247
99_5459_4,16,0.66499203
99_5461_4,56,0.6114561
99_5463_4,3,0.4908282
99_5464_4,12,0.48386478
99_5469_4,65,0.31502497
99_5470_4,16,0.4580645
99_5471_4,6,0.59118944
99_5472_4,43,0.6500489
99_5473_4,2,0.5786933
99_5474_4,55,0.58310604
99_5475_4,61,0.49069446
99_5477_4,24,0.48363626
99_5479_4,55,0.46373788
99_5480_4,17,0.6491273
99_5481_4,35,0.6616671
99_5483_4,53,0.6588392
99_5485_4,44,0.6487016
99_5486_4,30,0.73573077
99_5487_4,44,0.66053724
99_5488_4,16,0.4850903
99_5489_4,22,0.32688293
99_5490_4,37,0.5395165
99_5491_4,46,0.7185874
99_5492_4,15,0.73023266
99_5493_4,20,0.73381865
99_5494_4,18,0.74891293
99_5495_4,29,0.48146453
99_5500_4,37,0.7810846
99_5501_4,56,0.4816029
99_5503_4,7,0.6481462
99_5504_4,12,0.50447804
99_5506_4,18,0.47116962
99_5507_4,5,0.48302174
99_5508_4,45,0.49090278
99_5509_4,18,0.74891704
99_5510_4,22,0.6496282
99_5511_4,16,0.5720042
99_5512_4,19,0.3509849
99_5513_4,12,0.39537254
99_5515_4,44,0.4816721
99_5516_4,16,0.4909869
99_5517_4,14,0.49354482
99_5518_4,18,0.40304458
99_5522_4,10,0.72763926
99_5523_4,41,0.9168244
99_5524_4,16,0.4967746
99_5530_4,16,0.3549374
99_5531_4,25,0.4276578
99_5533_4,5,0.8218416
99_5534_4,16,0.65819806
99_5536_4,34,0.67686325
99_5537_4,30,0.56333387
99_5538_4,26,0.48754585
99_5540_4,13,0.72036207
99_5541_4,41,0.30557007
99_5542_4,9,0.7106273
99_5543_4,16,0.48784733
99_5545_4,18,0.51015604
99_5546_4,24,0.4732639
99_5547_4,33,0.42765835
99_5549_4,34,0.37079918
99_5550_4,18,0.4701427
99_5554_4,40,0.8099199
99_5555_4,13,0.807005
99_5556_4,57,0.36307314
99_5558_4,15,0.4316271
99_5559_4,3,0.36555335
99_5560_4,35,0.43974617
99_5563_4,33,0.57632786
99_5565_4,18,0.51015604
99_5566_4,46,0.49662003
99_5568_4,58,0.5754574
99_5569_4,16,0.5057047
99_5570_4,41,0.49372745
99_5571_4,53,0.82363117
99_5572_4,18,0.65474087
99_5573_4,18,0.51015604
99_5574_4,65,0.5473671
99_5576_4,26,0.38854125
99_5578_4,16,0.664992
99_5579_4,18,0.51015604
99_5581_4,65,0.6255904
99_5582_4,11,0.64042604
99_5583_4,18,0.6426222
99_5584_4,10,0.8908146
99_5586_4,3,0.49083102
99_5587_4,16,0.49341452
99_5588_4,48,0.68676215
99_5591_4,18,0.6680057
99_5595_4,41,0.7023388
99_5596_4,36,0.84716886
99_5598_4,16,0.57748806
99_5599_4,16,0.664992
99_5600_4,4,0.48118162
99_5603_4,18,0.6680062
99_5604_4,48,0.306132
99_5605_4,60,0.76271886
99_5606_4,22,0.3303079
99_5610_4,26,0.49213317
99_5611_4,16,0.384083
99_5612_4,8,0.48163006
99_5613_4,37,0.7127487
99_5616_4,55,0.8920556
99_5617_4,18,0.51015604
99_5618_4,2,0.8216335
99_5619_4,14,0.38930187
99_5622_4,18,0.66800654
99_5623_4,23,0.4957802
99_5624_4,22,0.55987555
99_5625_4,65,0.48166123
99_5626_4,35,0.6493299
99_5629_4,16,0.48513082
99_5630_4,17,0.5220809
99_5632_4,22,0.7869332
99_5633_4,18,0.66800624
99_5635_4,60,0.48259014
99_5636_4,16,0.50570786
99_5637_4,49,0.77908623
99_5638_4,36,0.7615492
99_5639_4,42,0.48294792
99_5640_4,19,0.48639196
99_5641_4,63,0.48215467
99_5642_4,13,0.91016954
99_5643_4,13,0.49024078
99_5644_4,16,0.66499186
99_5645_4,16,0.664992
99_5647_4,16,0.46887818
99_5648_4,68,0.3333333333333333
99_5649_4,53,0.49397227
99_5650_4,47,0.9017084
99_5652_4,22,0.64962834
99_5653_4,18,0.50520766
99_5654_4,18,0.51015604
99_5655_4,18,0.51015604
99_5656_4,16,0.44488
99_5657_4,55,0.64857197
99_5658_4,62,0.4355256
99_5659_4,55,0.39941326
99_5660_4,36,0.6469181
99_5661_4,51,0.6528622
99_5662_4,64,0.7050986
99_5663_4,16,0.664992
99_5664_4,59,0.57962716
99_5665_4,22,0.43598142
99_5666_4,15,0.45617566
99_5667_4,53,0.6531516
99_5669_4,44,0.6605348
99_5670_4,35,0.4826019
99_5671_4,54,0.48322156
99_5672_4,30,0.54807913
99_5674_4,29,0.6506096
99_5675_4,48,0.48366418
99_5676_4,53,0.35998628
99_5678_4,26,0.49361637
99_5679_4,2,0.7642833
99_5681_4,11,0.84644616
99_5682_4,6,0.31001464
99_5683_4,53,0.65315264
99_5684_4,6,0.48357332
99_5688_4,43,0.6500517
99_5689_4,5,0.4830218
99_5690_4,63,0.48215565
99_5691_4,20,0.4916536
99_5692_4,53,0.48823994
99_5693_4,13,0.34260798
99_5694_4,48,0.8220661
99_5695_4,53,0.65315264
99_5697_4,32,0.7650229
99_5700_4,18,0.53020215
99_5704_4,29,0.3332285
99_5705_4,25,0.4934488
99_5706_4,58,0.34159088
99_5707_4,52,0.48142734
99_5708_4,16,0.48971605
99_5710_4,18,0.51015604
99_5711_4,3,0.41448173
99_5713_4,37,0.4845873
99_5714_4,62,0.94831926
99_5715_4,51,0.6528624
99_5716_4,10,0.48161656
99_5717_4,26,0.56668705
99_5722_4,18,0.6021638
99_5723_4,12,0.78184235
99_5725_4,53,0.47915813
99_5727_4,32,0.4245383
99_5728_4,53,0.48523456
99_5730_4,27,0.5723875
99_5733_4,26,0.6526819
99_5735_4,43,0.4472251
99_5737_4,4,0.6610403
99_5739_4,49,0.8218739
99_5740_4,53,0.49398178
99_5741_4,35,0.735312
99_5742_4,63,0.68207455
99_5743_4,16,0.38103485
99_5745_4,23,0.7266187
99_5747_4,58,0.64901465
99_5748_4,53,0.49397278
99_5750_4,26,0.49566522
99_5751_4,44,0.65752083
99_5752_4,22,0.6496288
99_5754_4,16,0.49477923
99_5755_4,23,0.40530026
99_5756_4,16,0.6169242
99_5758_4,41,0.3259578
99_5759_4,8,0.44082016
99_5761_4,13,0.67419213
99_5762_4,24,0.6500307
99_5765_4,16,0.39227763
99_5767_4,1,0.48104522
99_5769_4,43,0.6062573
99_5770_4,22,0.48304027
99_5774_4,13,0.65380263
99_5775_4,9,0.4821877
99_5776_4,17,0.31665993
99_5779_4,57,0.895047
99_5780_4,36,0.82141733
99_5781_4,53,0.6531526
99_5783_4,15,0.6620159
99_5787_4,16,0.37885785
99_5788_4,36,0.7343762
99_5789_4,4,0.4007331
99_5790_4,16,0.35998136
99_5792_4,23,0.93631196
99_5793_4,45,0.49090523
99_5794_4,16,0.64950097
99_5795_4,2,0.4905333
99_5797_4,53,0.6597737
99_5798_4,10,0.37192342
99_5799_4,17,0.31906825
99_5800_4,13,0.3981468
99_5801_4,15,0.3950382
99_5802_4,15,0.49128902
99_5804_4,53,0.65315264
99_5805_4,51,0.62022954
99_5807_4,51,0.64996576
99_5809_4,54,0.73155767
99_5810_4,24,0.48363626
99_5814_4,16,0.4843507
99_5816_4,53,0.70767015
99_5818_4,50,0.8653484
99_5819_4,40,0.48266688
99_5821_4,16,0.50570667
99_5822_4,36,0.4848775
99_5823_4,22,0.88817906
99_5824_4,60,0.4410338
99_5825_4,52,0.64852947
99_5826_4,16,0.35704955
99_5828_4,19,0.477439
99_5831_4,16,0.48361033
99_5833_4,35,0.64931893
99_5834_4,1,0.65731144
99_5836_4,50,0.6748277
99_5837_4,18,0.50520456
99_5840_4,48,0.7353379
99_5841_4,16,0.6657036
99_5842_4,9,0.65770435
99_5843_4,8,0.68506014
99_5844_4,41,0.6754544
99_5846_4,64,0.3180419
99_5847_4,16,0.50570786
99_5848_4,53,0.65315133
99_5849_4,35,0.37274915
99_5850_4,45,0.4822604
99_5851_4,51,0.5512601
99_5852_4,15,0.74548507
99_5856_4,64,0.7987316
99_5857_4,16,0.50570035
99_5858_4,53,0.4882397
99_5859_4,46,0.48385373
99_5860_4,14,0.7202187
99_5861_4,20,0.7708588
99_5862_4,12,0.7103731
99_5864_4,16,0.5057082
99_5865_4,12,0.7872685
99_5866_4,2,0.70595986
99_5871_4,35,0.9019899
99_5872_4,65,0.3428362
99_5874_4,48,0.46425396
99_5876_4,55,0.84646785
99_5880_4,60,0.33581737
99_5881_4,30,0.75721866
99_5883_4,20,0.7381474
99_5885_4,64,0.51411754
99_5886_4,30,0.49201956
99_5887_4,16,0.50292635
99_5889_4,16,0.42054945
99_5892_4,9,0.84667903
99_5897_4,64,0.48189142
99_5898_4,5,0.649615
99_5902_4,41,0.5940064
99_5903_4,41,0.6488015
99_5906_4,12,0.30765527
99_5909_4,28,0.5024779
99_5911_4,50,0.49946272
99_5912_4,32,0.33404297
99_5913_4,36,0.65554094
99_5916_4,18,0.51015604
99_5918_4,30,0.6321359
99_5921_4,53,0.3094895
99_5922_4,33,0.47726393
99_5923_4,57,0.7386697
99_5924_4,24,0.70078945
99_5925_4,29,0.8223503
99_5926_4,64,0.70407826
99_5931_4,16,0.48045608
99_5932_4,39,0.8937287
99_5934_4,38,0.66316754
99_5936_4,13,0.38642418
99_5937_4,15,0.32831427
99_5938_4,31,0.40672502
99_5941_4,42,0.67075527
99_5943_4,33,0.68787783
99_5945_4,14,0.59564906
99_5947_4,16,0.50570786
99_5948_4,45,0.39471295
99_5949_4,60,0.4940019
99_5950_4,31,0.79353577
99_5951_4,49,0.5854221
99_5952_4,46,0.36282113
99_5954_4,53,0.37780413
99_5956_4,18,0.602162
99_5957_4,57,0.48118478
99_5959_4,18,0.44605786
99_5961_4,17,0.7346389
99_5962_4,41,0.648795
99_5963_4,53,0.35403088
99_5965_4,45,0.54525673
99_5967_4,50,0.7332751
99_5969_4,33,0.48240444
99_5970_4,18,0.5904367
99_5971_4,18,0.51015604
99_5972_4,7,0.6784818
99_5973_4,30,0.4844217
99_5975_4,41,0.5868323
99_5979_4,13,0.4116096
99_5980_4,18,0.51015604
99_5981_4,11,0.64851934
99_5982_4,48,0.48366418
99_5983_4,36,0.716492
99_5984_4,22,0.6496215
99_5987_4,64,0.5809455
99_5988_4,30,0.5657735
99_5990_4,25,0.48103258
99_5993_4,2,0.48933944
99_5994_4,13,0.8658278
99_5996_4,31,0.48369816
99_5997_4,5,0.64961296
99_5998_4,13,0.4461116
99_5999_4,18,0.50520575
99_6000_4,16,0.5057046
99_6002_4,16,0.540709
99_6003_4,16,0.4933807
99_6005_4,50,0.9397278
99_6006_4,20,0.3831699
99_6008_4,16,0.5057082
99_6009_4,18,0.51015604
99_6010_4,30,0.48442632
99_6011_4,48,0.39529043
99_6013_4,50,0.79276067
99_6014_4,6,0.33143935
99_6016_4,49,0.5163127
99_6017_4,8,0.49366176
99_6018_4,16,0.5056993
99_6019_4,41,0.49374127
99_6020_4,18,0.66800654
99_6021_4,53,0.4882397
99_6023_4,51,0.61179435
99_6025_4,65,0.48379374
99_6027_4,65,0.34566858
99_6028_4,20,0.4837061
99_6029_4,51,0.49679255
99_6030_4,13,0.40103942
99_6031_4,53,0.41319585
99_6033_4,38,0.4286557
99_6036_4,41,0.4964191
99_6037_4,38,0.40215072
99_6039_4,22,0.7869405
99_6043_4,54,0.495615
99_6044_4,67,0.3333333333333333
99_6046_4,34,0.8580921
99_6048_4,38,0.6496988
99_6052_4,16,0.49369347
99_6053_4,2,0.64949465
99_6054_4,9,0.4985866
99_6057_4,43,0.8220632
99_6058_4,62,0.39712992
99_6059_4,18,0.708073
99_6060_4,16,0.3298586
99_6062_4,20,0.7450336
99_6063_4,16,0.5447023
99_6065_4,5,0.46767768
99_6068_4,33,0.48240444
99_6069_4,16,0.5864116
99_6072_4,15,0.30927894
99_6074_4,18,0.7632505
99_6075_4,16,0.5532101
99_6076_4,16,0.66499203
99_6079_4,62,0.57617444
99_6080_4,67,0.3
99_6082_4,59,0.33085823
99_6083_4,18,0.668004
99_6084_4,18,0.502592
99_6086_4,6,0.66096956
99_6087_4,6,0.6499114
99_6088_4,48,0.33052054
99_6089_4,3,0.49083254
99_6091_4,13,0.34564003
99_6092_4,26,0.4534687
99_6093_4,16,0.4994551
99_6094_4,41,0.48181808
99_6097_4,16,0.4896389
99_6099_4,16,0.6625333
99_6100_4,27,0.8355246
99_6101_4,64,0.6578373
99_6102_4,49,0.30964258
99_6105_4,7,0.95274234
99_6106_4,54,0.5599207
99_6109_4,16,0.48259515
99_6110_4,65,0.7863749
99_6114_4,6,0.42471313
99_6116_4,32,0.491158
99_6117_4,46,0.4838539
99_6118_4,1,0.82116044
99_6120_4,18,0.59811676
99_6122_4,9,0.6619856
99_6124_4,20,0.48964438
99_6125_4,38,0.39507794
99_6126_4,16,0.4240127
99_6127_4,65,0.7631018
99_6128_4,16,0.74663717
99_6130_4,53,0.4882397
99_6131_4,53,0.47206184
99_6132_4,38,0.5973516
99_6133_4,38,0.44680643
99_6134_4,38,0.52485746
99_6135_4,24,0.48363626
99_6136_4,53,0.7376834
99_6137_4,31,0.57837355
99_6138_4,16,0.38235912
99_6139_4,34,0.6604999
99_6140_4,15,0.565377
99_6143_4,59,0.5401263
99_6144_4,16,0.664992
99_6146_4,5,0.64959663
99_6153_4,23,0.6262654
99_6154_4,48,0.58701223
99_6155_4,49,0.5374638
99_6156_4,41,0.8267064
99_6157_4,18,0.51015604
99_6158_4,16,0.5057082
99_6159_4,16,0.7962849
99_6160_4,38,0.31317097
99_6163_4,35,0.3967954
99_6164_4,16,0.38808298
99_6165_4,67,0.3333333333333333
99_6166_4,53,0.49126878
99_6167_4,46,0.59560424
99_6170_4,16,0.7962849
99_6171_4,60,0.84679455
99_6172_4,18,0.66800594
99_6174_4,52,0.8056123
99_6175_4,16,0.5865882
99_6176_4,38,0.4807246
99_6179_4,38,0.49135748
99_6180_4,16,0.35500473
99_6181_4,24,0.48363632
99_6182_4,41,0.464382
99_6184_4,24,0.3454072
99_6185_4,5,0.5896118
99_6190_4,59,0.6506663
99_6191_4,15,0.48307186
99_6192_4,18,0.74891716
99_6194_4,18,0.51015604
99_6195_4,46,0.7872762
99_6196_4,18,0.51015604
99_6198_4,18,0.51015604
99_6202_4,18,0.51015604
99_6203_4,53,0.46683443
99_6204_4,65,0.7863712
99_6207_4,18,0.66800654
99_6210_4,49,0.73436254
99_6212_4,59,0.5837313
99_6213_4,30,0.4844318
99_6215_4,18,0.66800636
99_6216_4,18,0.47372165
99_6218_4,16,0.664992
99_6223_4,16,0.664992
99_6224_4,25,0.90169454
99_6228_4,59,0.6506653
99_6231_4,53,0.48823994
99_6232_4,18,0.51015604
99_6233_4,44,0.4816646
99_6234_4,18,0.51015604
99_6235_4,16,0.66499186
99_6236_4,18,0.51015604
99_6237_4,53,0.48823994
99_6238_4,59,0.48457146
99_6241_4,53,0.48823994
99_6242_4,16,0.5056984
99_6243_4,23,0.42462546
99_6244_4,18,0.51015604
99_6245_4,59,0.48457122
99_6248_4,6,0.5511146
99_6249_4,16,0.5057079
99_6250_4,8,0.48162472
99_6253_4,18,0.51015604
99_6256_4,34,0.5148651
99_6258_4,61,0.49372506
99_6259_4,6,0.6499803
99_6260_4,52,0.481428
99_6261_4,35,0.4826001
99_6262_4,52,0.481428
99_6263_4,9,0.4908756
99_6264_4,16,0.58064145
99_6269_4,16,0.5056946
99_6270_4,18,0.4646422
99_6275_4,18,0.56575006
99_6276_4,18,0.35076386
99_6277_4,35,0.49107784
99_6279_4,18,0.6673566
99_6280_4,16,0.5057064
99_6282_4,65,0.4936578
99_6283_4,18,0.51015604
99_6285_4,35,0.71641046
99_6288_4,34,0.60743964
99_6289_4,53,0.48823994
99_6290_4,18,0.6680063
99_6291_4,24,0.48363632
99_6293_4,64,0.573643
99_6296_4,34,0.64860475
99_6298_4,18,0.51015604
99_6299_4,48,0.48366418
99_6300_4,18,0.6680047
99_6302_4,12,0.49173447
99_6303_4,55,0.3448941
99_6305_4,18,0.66800606
99_6306_4,34,0.48152545
99_6308_4,16,0.5057004
99_6309_4,18,0.51015604
99_6311_4,24,0.48363632
99_6317_4,43,0.6500516
99_6318_4,10,0.7203202
99_6319_4,16,0.5057082
99_6320_4,25,0.47161824
99_6321_4,18,0.51015604
99_6322_4,16,0.5057035
99_6323_4,24,0.6500281
99_6325_4,24,0.48363626
99_6328_4,36,0.8214159
99_6329_4,18,0.51015604
99_6332_4,13,0.4830745
99_6334_4,16,0.50570786
99_6340_4,16,0.49738756
99_6341_4,35,0.49071887
99_6343_4,51,0.48781183
99_6345_4,18,0.51015604
99_6346_4,18,0.6680064
99_6347_4,16,0.50570816
99_6348_4,11,0.6485199
99_6349_4,4,0.48117498
99_6352_4,24,0.48363626
99_6353_4,35,0.4826019
99_6354_4,63,0.48215565
99_6355_4,12,0.8608266
99_6357_4,22,0.48304033
99_6360_4,18,0.6680058
99_6361_4,18,0.6679982
99_6362_4,16,0.5057082
99_6365_4,18,0.51015604
99_6366_4,53,0.65315264
99_6369_4,18,0.51015604
99_6372_4,16,0.50570726
99_6374_4,6,0.64999026
99_6376_4,18,0.6680062
99_6377_4,14,0.38603848
99_6379_4,53,0.65315264
99_6381_4,34,0.90178764
99_6382_4,51,0.48781252
99_6385_4,38,0.42458797
99_6386_4,43,0.48365796
99_6387_4,16,0.50570583
99_6388_4,18,0.5648504
99_6390_4,18,0.51015604
99_6391_4,53,0.35462084
99_6395_4,18,0.60216063
99_6398_4,46,0.4838539
99_6399_4,9,0.48218343
99_6401_4,10,0.48161104
99_6402_4,12,0.48385185
99_6403_4,51,0.49578393
99_6404_4,22,0.64962566
99_6405_4,16,0.6649889
99_6407_4,60,0.48260576
99_6410_4,18,0.51015604
99_6411_4,1,0.3816261
99_6412_4,53,0.49594834
99_6414_4,18,0.7489171
99_6418_4,16,0.50570697
99_6420_4,60,0.48260576
99_6421_4,51,0.48781252
99_6422_4,41,0.48182213
99_6423_4,6,0.48357356
99_6425_4,16,0.5057069
99_6426_4,16,0.66499203
99_6427_4,59,0.48457122
99_6429_4,16,0.7962849
99_6430_4,18,0.6680063
99_6434_4,18,0.51015604
99_6438_4,18,0.66800654
99_6441_4,18,0.51015604
99_6442_4,51,0.65286225
99_6443_4,18,0.51015604
99_6444_4,18,0.51015604
99_6446_4,18,0.51015604
99_6447_4,50,0.48537108
99_6448_4,16,0.49347714
99_6449_4,38,0.48313802
99_6450_4,18,0.51015604
99_6451_4,18,0.51015604
99_6454_4,16,0.50292665
99_6456_4,16,0.5057082
99_6457_4,35,0.6493306
99_6458_4,18,0.6680055
99_6459_4,59,0.79324746
99_6460_4,24,0.4891011
99_6461_4,18,0.51015604
99_6462_4,51,0.48781013
99_6463_4,53,0.48823994
99_6465_4,52,0.48142624
99_6466_4,51,0.30842635
99_6469_4,11,0.77032775
99_6471_4,61,0.3945416
99_6474_4,22,0.37532702
99_6475_4,16,0.50570786
99_6476_4,45,0.33108622
99_6477_4,68,0.3333333333333333
99_6479_4,51,0.5569422
99_6480_4,30,0.48443118
99_6481_4,19,0.48639113
99_6482_4,16,0.50570786
99_6485_4,51,0.3431433
99_6487_4,18,0.51015604
99_6490_4,26,0.4956792
99_6491_4,51,0.46282026
99_6493_4,12,0.39537257
99_6495_4,39,0.33013654
99_6496_4,16,0.30992612
99_6501_4,51,0.48781258
99_6502_4,49,0.48310953
99_6503_4,16,0.5057082
99_6505_4,16,0.5057079
99_6506_4,16,0.5057082
99_6507_4,22,0.64962846
99_6508_4,16,0.5056993
99_6509_4,16,0.6649919
99_6511_4,32,0.33119747
99_6512_4,51,0.6528632
99_6513_4,24,0.48363632
99_6514_4,8,0.65750885
99_6515_4,33,0.5192335
99_6521_4,18,0.51015604
99_6526_4,17,0.4938665
99_6531_4,51,0.3734307
99_6532_4,17,0.649121
99_6534_4,16,0.50570226
99_6537_4,18,0.51015604
99_6539_4,48,0.48365623
99_6540_4,16,0.50570035
99_6541_4,51,0.59043974
99_6542_4,53,0.48823994
99_6544_4,17,0.56926095
99_6545_4,30,0.65057194
99_6547_4,30,0.5649875
99_6548_4,51,0.49375597
99_6550_4,33,0.48240444
99_6555_4,68,0.6666666666666666
99_6556_4,26,0.48754585
99_6557_4,18,0.5052121
99_6561_4,40,0.48265418
99_6563_4,16,0.50570786
99_6564_4,43,0.30845028
99_6566_4,51,0.6528586
99_6569_4,22,0.35941556
99_6570_4,51,0.48781252
99_6572_4,68,0.5
99_6574_4,14,0.49110717
99_6575_4,51,0.48781252
99_6576_4,51,0.48781252
99_6577_4,13,0.84870327
99_6579_4,52,0.6485355
99_6580_4,51,0.65286326
99_6581_4,23,0.65766597
99_6583_4,16,0.66499186
99_6584_4,51,0.8234962
99_6585_4,16,0.37935966
99_6587_4,16,0.5057077
99_6588_4,68,0.3333333333333333
99_6589_4,23,0.39788985
99_6591_4,12,0.48386407
99_6593_4,53,0.6954914
99_6597_4,51,0.48781252
99_6598_4,19,0.30388477
99_6602_4,16,0.45278183
99_6604_4,51,0.566117
99_6605_4,51,0.47033134
99_6609_4,16,0.47160476
99_6610_4,12,0.48386467
99_6611_4,23,0.48211038
99_6612_4,61,0.39454293
99_6613_4,28,0.5909228
99_6614_4,26,0.48754585
99_6615_4,43,0.37940282
99_6617_4,30,0.606643
99_6618_4,16,0.38362992
99_6619_4,51,0.48781013
99_6620_4,19,0.6519006
99_6623_4,52,0.4814263
99_6626_4,27,0.3927371
99_6631_4,13,0.39996168
99_6636_4,51,0.48781252
99_6639_4,16,0.5057077
99_6642_4,54,0.37222013
99_6645_4,16,0.39067692
99_6646_4,16,0.50154936
99_6647_4,31,0.6320083
99_6650_4,51,0.48781252
99_6651_4,32,0.49115947
99_6653_4,30,0.65054834
99_6655_4,51,0.7889094
99_6658_4,16,0.50569713
99_6659_4,32,0.4940687
99_6660_4,51,0.4639735
99_6661_4,51,0.38844433
99_6662_4,16,0.47127154
99_6663_4,68,0.3333333333333333
99_6668_4,51,0.48781013
99_6671_4,17,0.6491252
99_6673_4,48,0.58001894
99_6674_4,51,0.39699984
99_6675_4,16,0.50570667
99_6676_4,18,0.66800576
99_6677_4,51,0.65286225
99_6678_4,51,0.45524988
99_6680_4,56,0.48160425
99_6686_4,51,0.59295493
99_6688_4,16,0.5029006
99_6691_4,13,0.4830745
99_6696_4,17,0.64911926
99_6697_4,51,0.6528621
99_6699_4,16,0.50570685
99_6701_4,65,0.48166645
99_6702_4,68,0.3333333333333333
99_6703_4,51,0.48781252
99_6706_4,16,0.4797363
99_6707_4,16,0.6649919
99_6708_4,51,0.48781252
99_6712_4,16,0.6363296
99_6713_4,18,0.30055654
99_6715_4,26,0.4875391
99_6717_4,51,0.48781252
99_6719_4,23,0.49083346
99_6720_4,48,0.48366424
99_6721_4,24,0.48363626
99_6723_4,51,0.48781252
99_6724_4,5,0.64961535
99_6725_4,51,0.4937533
99_6727_4,26,0.48754585
99_6728_4,46,0.4243469
99_6729_4,21,0.48101673
99_6731_4,16,0.5057029
99_6733_4,53,0.65315264
99_6736_4,53,0.4882397
99_6738_4,53,0.73768145
99_6740_4,46,0.48385373
99_6741_4,18,0.51015604
99_6744_4,16,0.5057045
99_6745_4,16,0.48768857
99_6746_4,53,0.65315235
99_6747_4,18,0.51015604
99_6749_4,18,0.3672181
99_6751_4,16,0.664992
99_6753_4,33,0.48239946
99_6754_4,16,0.5057082
99_6755_4,39,0.4825974
99_6756_4,51,0.48781252
99_6757_4,39,0.4825973
99_6760_4,16,0.5057073
99_6761_4,28,0.4829103
99_6762_4,18,0.51015604
99_6766_4,30,0.45582974
99_6767_4,18,0.51015604
99_6768_4,28,0.330268
99_6770_4,41,0.4046054
99_6771_4,18,0.66800624
99_6772_4,58,0.4821341
99_6773_4,46,0.866029
99_6774_4,16,0.50570565
99_6775_4,16,0.5057049
99_6777_4,13,0.7869502
99_6779_4,53,0.7376833
99_6780_4,44,0.48166835
99_6781_4,53,0.65315264
99_6782_4,18,0.51015604
99_6783_4,18,0.49385425
99_6786_4,10,0.48161104
99_6788_4,18,0.66800636
99_6789_4,18,0.51015604
99_6790_4,53,0.48823994
99_6791_4,53,0.65315264
99_6792_4,28,0.7349467
99_6795_4,14,0.48130563
99_6796_4,28,0.4912405
99_6800_4,20,0.395301
99_6801_4,3,0.4821214
99_6802_4,16,0.5057026
99_6805_4,19,0.4863841
99_6806_4,26,0.48754585
99_6808_4,6,0.48356554
99_6810_4,30,0.492019
99_6811_4,56,0.70572466
99_6812_4,16,0.5057082
99_6813_4,9,0.48218912
99_6816_4,16,0.5057082
99_6817_4,35,0.4826019
99_6819_4,16,0.5057079
99_6820_4,22,0.64962834
99_6821_4,43,0.62731963
99_6823_4,35,0.64933103
99_6827_4,2,0.48241884
99_6828_4,16,0.50570333
99_6830_4,53,0.48823994
99_6831_4,52,0.7500563
99_6832_4,4,0.65735304
99_6833_4,42,0.657953
99_6834_4,5,0.6579881
99_6836_4,21,0.51038975
99_6837_4,27,0.49086508
99_6838_4,33,0.55565
99_6839_4,18,0.6256651
99_6840_4,22,0.44674203
99_6842_4,18,0.66800624
99_6846_4,29,0.6506193
99_6847_4,18,0.51015604
99_6850_4,16,0.50570744
99_6851_4,46,0.33058745
99_6853_4,16,0.6649919
99_6854_4,46,0.3954179
99_6855_4,60,0.64932185
99_6857_4,18,0.6670878
99_6858_4,51,0.48781252
99_6859_4,18,0.79811776
99_6860_4,13,0.34451118
99_6861_4,28,0.39497966
99_6865_4,16,0.50570655
99_6867_4,18,0.39682332
99_6868_4,51,0.48781252
99_6869_4,16,0.50570786
99_6872_4,18,0.51015604
99_6874_4,15,0.48308757
99_6875_4,9,0.7345757
99_6876_4,15,0.6496577
99_6877_4,24,0.48363632
99_6878_4,19,0.48638445
99_6879_4,18,0.51015604
99_6881_4,46,0.48385373
99_6882_4,52,0.481428
99_6883_4,19,0.72339565
99_6884_4,51,0.65286225
99_6885_4,32,0.3949108
99_6887_4,16,0.7466372
99_6888_4,18,0.51015604
99_6889_4,16,0.5057082
99_6890_4,18,0.66800654
99_6892_4,26,0.79055995
99_6893_4,15,0.7350382
99_6894_4,16,0.5057035
99_6895_4,16,0.5057082
99_6896_4,6,0.86595833
99_6897_4,11,0.54215336
99_6898_4,16,0.47536108
99_6899_4,16,0.36611345
99_6900_4,18,0.51015604
99_6902_4,12,0.4283858
99_6903_4,18,0.51015604
99_6906_4,53,0.43591008
99_6908_4,33,0.8922438
99_6909_4,28,0.6495404
99_6916_4,16,0.5057079
99_6917_4,51,0.6528611
99_6920_4,14,0.44939142
99_6921_4,12,0.441322
99_6922_4,18,0.33596307
99_6924_4,5,0.4823797
99_6925_4,16,0.40847164
99_6927_4,53,0.4108594
99_6928_4,59,0.48455414
99_6929_4,9,0.6490482
99_6931_4,18,0.51015604
99_6934_4,2,0.48241878
99_6935_4,18,0.668006
99_6936_4,17,0.8261466
99_6937_4,26,0.4875448
99_6938_4,16,0.50570786
99_6939_4,12,0.6501876
99_6940_4,25,0.5385583
99_6942_4,14,0.77240074
99_6945_4,26,0.7887992
99_6947_4,53,0.6531523
99_6949_4,36,0.73437554
99_6951_4,24,0.48363626
99_6952_4,16,0.5057079
99_6954_4,18,0.51015604
99_6955_4,16,0.5057075
99_6957_4,16,0.664992
99_6965_4,16,0.5057012
99_6966_4,24,0.48363632
99_6967_4,16,0.5057055
99_6968_4,53,0.36476398
99_6969_4,16,0.50569797
99_6970_4,24,0.6500282
99_6972_4,24,0.48363626
99_6973_4,53,0.6531525
99_6976_4,18,0.51015604
99_6978_4,16,0.5057079
99_6979_4,35,0.4826019
99_6981_4,12,0.48384312
99_6982_4,25,0.49026796
99_6987_4,16,0.5057082
99_6988_4,16,0.7466371
99_6989_4,30,0.7002321
99_6991_4,18,0.33965272
99_6992_4,16,0.5057009
99_6993_4,16,0.50570786
99_6994_4,22,0.44658455
99_6996_4,17,0.4822914
99_6997_4,31,0.42027473
99_6998_4,52,0.64853495
99_6999_4,18,0.3311098
99_7001_4,18,0.79811794
99_7002_4,14,0.56484824
99_7003_4,24,0.6478701
99_7004_4,56,0.49365616
99_7005_4,19,0.82299834
99_7006_4,37,0.4845691
99_7008_4,16,0.61452013
99_7011_4,15,0.41832966
99_7013_4,18,0.6680048
99_7014_4,65,0.5971993
99_7015_4,35,0.6493269
99_7018_4,18,0.51015604
99_7019_4,45,0.3719801
99_7020_4,58,0.64901596
99_7022_4,46,0.4838539
99_7024_4,20,0.4837055
99_7026_4,16,0.5057079
99_7027_4,18,0.6680059
99_7028_4,16,0.6649919
99_7029_4,16,0.39080015
99_7030_4,7,0.65725654
99_7031_4,16,0.5057053
99_7033_4,18,0.6680059
99_7247_4,41,0.5658888
99_7248_4,11,0.6472797
99_7249_4,18,0.5991077
99_7250_4,47,0.39148313
99_7251_4,6,0.66097647
99_7253_4,62,0.6813268
99_7256_4,40,0.3252771
99_7258_4,17,0.33110234
99_7259_4,18,0.38466087
99_7260_4,12,0.7645473
99_7261_4,4,0.939723
99_7262_4,45,0.7741249
99_7264_4,39,0.6188849
99_7267_4,36,0.39451605
99_7269_4,16,0.38403654
99_7270_4,19,0.82727224
99_7272_4,48,0.6609909
99_7273_4,55,0.45476568
99_7274_4,3,0.95660925
99_7275_4,18,0.50520605
99_7276_4,39,0.38052112
99_7279_4,65,0.57255167
99_7280_4,16,0.33440328
99_7281_4,55,0.8679532
99_7282_4,59,0.32478085
99_7283_4,20,0.54002655
99_7285_4,6,0.45184955
99_7286_4,42,0.95488185
99_7287_4,55,0.7044745
99_7288_4,3,0.49687117
99_7289_4,64,0.39455855
99_7290_4,58,0.4719354
99_7291_4,13,0.5963837
99_7292_4,8,0.39444965
99_7294_4,9,0.58132833
99_7296_4,25,0.97208667
99_7297_4,25,0.49027967
99_7298_4,20,0.406536
99_7299_4,42,0.4861854
99_7300_4,37,0.9460758
99_7302_4,58,0.48643973
99_7303_4,8,0.9660386
99_7304_4,13,0.63327694
99_7305_4,14,0.6688494
99_7306_4,28,0.8383705
99_7307_4,23,0.4660786
99_7309_4,54,0.631672
99_7310_4,18,0.66731226
99_7311_4,39,0.70565045
99_7312_4,37,0.8116619
99_7313_4,31,0.8295324
99_7314_4,13,0.47471786
99_7315_4,12,0.6513871
99_7316_4,60,0.98447686
99_7317_4,1,0.49604157
99_7318_4,32,0.40026188
99_7319_4,20,0.3075947
99_7320_4,45,0.86561316
99_7321_4,32,0.83485246
99_7322_4,14,0.7416043
99_7323_4,10,0.34370643
99_7324_4,55,0.5531011
99_7325_4,17,0.80335677
99_7327_4,49,0.6318905
99_7329_4,30,0.60392773
99_7330_4,4,0.8708273
99_7331_4,7,0.95470303
99_7332_4,18,0.46911034
99_7333_4,27,0.793219
99_7334_4,47,0.42130297
99_7335_4,34,0.7099556
99_7336_4,49,0.31375325
99_7337_4,31,0.38271344
99_7338_4,7,0.6997806
99_7339_4,48,0.3281553
99_7340_4,26,0.5934805
99_7341_4,62,0.33091518
99_7343_4,21,0.84037465
99_7344_4,19,0.44198132
99_7345_4,13,0.47392407
99_7346_4,45,0.33702317
99_7347_4,3,0.54983157
99_7348_4,64,0.9227327
99_7349_4,54,0.6778399
99_7351_4,49,0.40189442
99_7352_4,10,0.49983308
99_7353_4,49,0.34509662
99_7354_4,17,0.3654825
99_7355_4,17,0.47151148
99_7356_4,49,0.441205
99_7357_4,57,0.92558765
99_7358_4,49,0.31691855
99_7359_4,10,0.6186228
99_7360_4,49,0.33858606
99_7361_4,60,0.95485127
99_7362_4,12,0.52681535
99_7365_4,49,0.71813947
99_7367_4,23,0.8655764
99_7368_4,18,0.46195906
99_7369_4,17,0.61033833
99_7370_4,32,0.64942974
99_7371_4,56,0.6867595
99_7372_4,49,0.8218792
99_7373_4,29,0.5473142
99_7375_4,16,0.50288904
99_7376_4,49,0.3722333
99_7377_4,33,0.6343201
99_7378_4,57,0.5038847
99_7379_4,16,0.54306704
99_7380_4,32,0.30325124
99_7381_4,16,0.3290808
99_7382_4,54,0.31715465
99_7383_4,13,0.91099864
99_7386_4,4,0.4514615
99_7388_4,49,0.36470944
99_7389_4,58,0.5173134
99_7390_4,16,0.34886336
99_7391_4,45,0.9582832
99_7392_4,3,0.58494914
99_7393_4,5,0.62690735
99_7394_4,6,0.6506672
99_7395_4,49,0.48229092
99_7397_4,13,0.47337067
99_7398_4,33,0.80592424
99_7399_4,63,0.6044051
99_7400_4,57,0.97731537
99_7402_4,1,0.58426243
99_7405_4,56,0.97281176
99_7406_4,42,0.98061615
99_7407_4,59,0.5957574
99_7409_4,16,0.34167346
99_7411_4,34,0.3086099
99_7412_4,67,0.3333333333333333
99_7413_4,15,0.65549
99_7414_4,67,0.3333333333333333
99_7415_4,15,0.6913543
99_7416_4,41,0.65756893
99_7417_4,1,0.9093134
99_7418_4,37,0.42198282
99_7420_4,39,0.53336227
99_7422_4,12,0.84717023
99_7423_4,25,0.59749717
99_7425_4,67,0.5
99_7428_4,54,0.60850745
99_7429_4,62,0.31181872
99_7430_4,25,0.37165993
99_7432_4,58,0.8574957
99_7433_4,16,0.44727656
99_7434_4,58,0.9222071
99_7437_4,46,0.32561645
99_7438_4,49,0.7869649
99_7440_4,13,0.6020819
99_7441_4,38,0.4201915
99_7442_4,3,0.61982596
99_7444_4,27,0.42197725
99_7445_4,37,0.3179594
99_7448_4,67,0.3333333333333333
99_7449_4,1,0.916701
99_7452_4,11,0.3974796
99_7453_4,14,0.37163067
99_7454_4,52,0.33678588
99_7457_4,38,0.30808622
99_7458_4,18,0.35014027
99_7460_4,61,0.40750033
99_7464_4,36,0.31028625
99_7465_4,52,0.42998818
99_7467_4,24,0.6191469
99_7469_4,16,0.35894346
99_7471_4,47,0.8495625
99_7476_4,37,0.5921333
99_7479_4,58,0.76621133
99_7482_4,5,0.5846391
99_7484_4,3,0.3794698
99_7485_4,53,0.4543631
99_7488_4,32,0.36230734
99_7489_4,54,0.57419205
99_7491_4,16,0.38608357
99_7493_4,54,0.30653903
99_7497_4,5,0.39506733
99_7498_4,58,0.33212507
99_7500_4,29,0.33235475
99_7503_4,58,0.47704786
99_7504_4,29,0.9326698
99_7506_4,29,0.33081856
99_7507_4,19,0.551759
99_7509_4,29,0.33169094
99_7510_4,29,0.59159076
99_7514_4,29,0.37198013
99_7515_4,29,0.44859383
99_7516_4,29,0.5456974
99_7517_4,29,0.3308163
99_7519_4,62,0.3477307
99_7526_4,51,0.56632113
99_7527_4,17,0.32617667
99_7529_4,29,0.650626
99_7530_4,23,0.6611286
99_7531_4,29,0.31543204
99_7533_4,29,0.31139892
99_7534_4,29,0.45327985
99_7538_4,51,0.7068546
99_7539_4,28,0.4560686
99_7540_4,29,0.5375495
99_7541_4,29,0.42503297
99_7546_4,10,0.31240118
99_7547_4,29,0.3917241
99_7549_4,8,0.38951424
99_7551_4,29,0.53104734
99_7552_4,29,0.56035495
99_7553_4,30,0.3363613
99_7554_4,29,0.3220723
99_7555_4,29,0.57562953
99_7556_4,53,0.34719563
99_3010_4,42,0.32732462882995605
99_3010_4,60,0.3270876407623291
99_3025_4,64,0.3266051411628723
99_3025_4,11,0.3262704908847809
99_3065_4,6,0.3277435600757599
99_3065_4,49,0.3274429440498352
99_3077_4,65,0.48166710138320923
99_3077_4,66,1.0
99_3101_4,59,0.3284050226211548
99_3101_4,29,0.32838690280914307
99_3126_4,30,0.37257057428359985
99_3126_4,54,0.37220489978790283
99_3130_4,39,0.49107903242111206
99_3130_4,68,0.3333333333333333
99_3136_4,19,0.32965150475502014
99_3136_4,31,0.32783061265945435
99_3136_4,68,0.5
99_3160_4,39,0.39630791544914246
99_3160_4,55,0.31149622797966003
99_3167_4,31,0.3278357982635498
99_3167_4,47,0.3260635435581207
99_3167_4,68,0.3333333333333333
99_3185_4,3,0.326761394739151
99_3185_4,14,0.32620665431022644
99_3194_4,35,0.32736504077911377
99_3194_4,32,0.3269086182117462
99_3195_4,19,0.3025150001049042
99_3195_4,68,0.4
99_3201_4,43,0.32780471444129944
99_3201_4,65,0.32645153999328613
99_3201_4,66,0.3333333333333333
99_3221_4,59,0.320260614156723
99_3221_4,68,0.6
99_3233_4,20,0.32783353328704834
99_3233_4,42,0.32732442021369934
99_3235_4,37,0.48458993434906006
99_3235_4,68,1.0
99_3241_4,20,0.3278334438800812
99_3241_4,39,0.3270847797393799
99_3264_4,37,0.48458990454673767
99_3264_4,68,1.0
99_3265_4,37,0.6506780982017517
99_3265_4,68,0.5
99_3273_4,19,0.42560049891471863
99_3273_4,17,0.4243418276309967
99_3273_4,68,0.3333333333333333
99_3274_4,37,0.3363562226295471
99_3274_4,32,0.31926482915878296
99_3274_4,68,0.5
99_3281_4,12,0.32794293761253357
99_3281_4,57,0.3261212110519409
99_3288_4,37,0.32843247056007385
99_3288_4,20,0.32783347368240356
99_3288_4,68,0.5
99_3305_4,43,0.3278023302555084
99_3305_4,28,0.32729583978652954
99_3308_4,31,0.32782793045043945
99_3308_4,33,0.32695135474205017
99_3308_4,68,0.5
99_3321_4,31,0.4916445016860962
99_3321_4,68,1.0
99_3333_4,37,0.48458990454673767
99_3333_4,68,1.0
99_3334_4,18,0.34576016664505005
99_3334_4,42,0.32732436060905457
99_3338_4,59,0.48457181453704834
99_3338_4,68,1.0
99_3345_4,19,0.32965895533561707
99_3345_4,27,0.32679837942123413
99_3345_4,68,0.5
99_3354_4,37,0.48458993434906006
99_3354_4,68,1.0
99_3363_4,20,0.32783499360084534
99_3363_4,49,0.32743844389915466
99_3378_4,59,0.4920971095561981
99_3378_4,68,0.6666666666666666
99_3380_4,30,0.3283315598964691
99_3380_4,61,0.3265608251094818
99_3383_4,59,0.48457181453704834
99_3383_4,68,1.0
99_3385_4,11,0.344224750995636
99_3385_4,33,0.30899468064308167
99_3389_4,31,0.4916490912437439
99_3389_4,68,0.3333333333333333
99_3391_4,29,0.3307650089263916
99_3391_4,49,0.33035895228385925
99_3395_4,43,0.3297015130519867
99_3395_4,20,0.32592546939849854
99_3401_4,19,0.329658567905426
99_3401_4,3,0.326759934425354
99_3401_4,68,0.5
99_3409_4,31,0.3278295695781708
99_3409_4,64,0.32660067081451416
99_3409_4,68,0.5
99_3412_4,61,0.3265741765499115
99_3412_4,44,0.3264499008655548
99_3416_4,12,0.3279603123664856
99_3416_4,32,0.32715943455696106
99_3418_4,59,0.3284219801425934
99_3418_4,2,0.32695716619491577
99_3418_4,68,0.3333333333333333
99_3448_4,19,0.33146777749061584
99_3448_4,68,0.4
99_3452_4,59,0.8473849892616272
99_3452_4,68,0.3333333333333333
99_3453_4,19,0.4863964319229126
99_3453_4,68,1.0
99_3462_4,31,0.32782962918281555
99_3462_4,64,0.3266006112098694
99_3462_4,68,0.5
99_3469_4,37,0.48458993434906006
99_3469_4,68,1.0
99_3472_4,59,0.3284221291542053
99_3472_4,41,0.32654422521591187
99_3482_4,20,0.32783353328704834
99_3482_4,42,0.32732442021369934
99_3485_4,19,0.7883234620094299
99_3485_4,68,0.5
99_3495_4,42,0.3273298442363739
99_3495_4,39,0.32707372307777405
99_3501_4,59,0.32842183113098145
99_3501_4,15,0.3274112045764923
99_3501_4,68,0.5
99_3502_4,19,0.4863964915275574
99_3502_4,68,1.0
99_3507_4,37,0.3284345269203186
99_3507_4,30,0.3283211886882782
99_3507_4,68,0.5
99_3514_4,30,0.3283252418041229
99_3514_4,22,0.32738232612609863
99_3517_4,13,0.5731349587440491
99_3517_4,16,0.30054283142089844
99_3522_4,19,0.329659104347229
99_3522_4,20,0.32782891392707825
99_3522_4,68,0.5
99_3527_4,19,0.3346169590950012
99_3527_4,32,0.32221442461013794
99_3531_4,26,0.33043888211250305
99_3531_4,39,0.3270786702632904
99_3538_4,37,0.48458990454673767
99_3538_4,68,1.0
99_3552_4,46,0.49171182513237
99_3552_4,68,0.3333333333333333
99_3560_4,65,0.42004162073135376
99_3560_4,59,0.3189416229724884
99_3560_4,66,0.3333333333333333
99_3560_4,68,0.3333333333333333
99_3563_4,59,0.3284192383289337
99_3563_4,31,0.327828586101532
99_3563_4,68,0.5
99_3577_4,19,0.4863964915275574
99_3577_4,68,0.5
99_3584_4,37,0.3284326493740082
99_3584_4,59,0.3284200429916382
99_3584_4,68,1.0
99_3591_4,19,0.3964156210422516
99_3591_4,68,0.5
99_3601_4,20,0.32783305644989014
99_3601_4,43,0.32780519127845764
99_3601_4,68,0.5
99_3616_4,20,0.32783907651901245
99_3616_4,39,0.32707327604293823
99_3619_4,19,0.6519029140472412
99_3619_4,68,1.0
99_3638_4,26,0.33042627573013306
99_3638_4,19,0.32966160774230957
99_3638_4,68,0.5
99_3642_4,37,0.48458993434906006
99_3642_4,68,0.5
99_3650_4,35,0.32708412408828735
99_3650_4,21,0.32601234316825867
99_3673_4,18,0.3457602560520172
99_3673_4,36,0.3265344202518463
99_3679_4,60,0.3270684778690338
99_3679_4,17,0.3268860876560211
99_3685_4,12,0.3416820764541626
99_3685_4,37,0.3326255679130554
99_3687_4,43,0.3278082609176636
99_3687_4,63,0.3267774283885956
99_3716_4,65,0.4672268331050873
99_3716_4,48,0.322525292634964
99_3728_4,49,0.4712942838668823
99_3728_4,18,0.32998302578926086
99_3734_4,28,0.32729268074035645
99_3734_4,60,0.32708293199539185
99_3740_4,49,0.32744285464286804
99_3740_4,35,0.32708513736724854
99_3747_4,5,0.32737040519714355
99_3747_4,17,0.32687628269195557
99_3748_4,31,0.3278330862522125
99_3748_4,3,0.3267528712749481
99_3764_4,30,0.377996563911438
99_3764_4,64,0.36231017112731934
99_3765_4,51,0.33060386776924133
99_3765_4,63,0.32678869366645813
99_3775_4,51,0.4638691842556
99_3775_4,66,0.3333333333333333
99_3790_4,60,0.338848352432251
99_3790_4,14,0.32084059715270996
99_3793_4,19,0.3442215621471405
99_3793_4,16,0.3281679153442383
99_3797_4,31,0.6582295298576355
99_3797_4,68,0.6
99_3799_4,19,0.33146482706069946
99_3799_4,68,0.4
99_3809_4,46,0.3279325067996979
99_3809_4,38,0.3274505138397217
99_3814_4,31,0.3278351128101349
99_3814_4,36,0.3265202045440674
99_3814_4,68,0.3333333333333333
99_3819_4,64,0.39456385374069214
99_3819_4,10,0.3944372832775116
99_3824_4,17,0.4056816101074219
99_3824_4,19,0.30285152792930603
99_3824_4,68,0.3333333333333333
99_3826_4,31,0.48369815945625305
99_3826_4,68,1.0
99_3853_4,12,0.6501861810684204
99_3853_4,66,0.5
99_3854_4,16,0.49898698925971985
99_3854_4,68,0.3333333333333333
99_3878_4,18,0.34576019644737244
99_3878_4,31,0.32782790064811707
99_3878_4,68,0.5
99_3892_4,19,0.5587204694747925
99_3892_4,68,0.5
99_3893_4,31,0.39531439542770386
99_3893_4,68,0.5
99_3896_4,37,0.32843250036239624
99_3896_4,42,0.32732442021369934
99_3896_4,68,0.5
99_3903_4,19,0.4863964319229126
99_3903_4,68,1.0
99_3914_4,37,0.48458990454673767
99_3914_4,68,1.0
99_3922_4,19,0.3376882076263428
99_3922_4,33,0.3189198672771454
99_3922_4,68,0.5
99_3934_4,42,0.3273525536060333
99_3934_4,33,0.3269231915473938
99_3937_4,20,0.39531058073043823
99_3937_4,63,0.39466336369514465
99_3939_4,60,0.32708850502967834
99_3939_4,64,0.32660195231437683
99_3955_4,37,0.3284355700016022
99_3955_4,1,0.3260267376899719
99_3955_4,68,0.5
99_3956_4,48,0.4538470506668091
99_3956_4,68,0.3333333333333333
99_3957_4,20,0.4475177526473999
99_3957_4,2,0.34256455302238464
99_3961_4,59,0.3284228444099426
99_3961_4,1,0.326026976108551
99_3964_4,30,0.395629346370697
99_3964_4,6,0.39521607756614685
99_3971_4,32,0.3271915912628174
99_3971_4,35,0.3270784616470337
99_3973_4,16,0.4987413287162781
99_3973_4,68,0.3333333333333333
99_3974_4,37,0.48458993434906006
99_3974_4,68,1.0
99_3975_4,2,0.3326331675052643
99_3975_4,33,0.3212790787220001
99_3976_4,42,0.32731756567955017
99_3976_4,45,0.32685333490371704
99_3981_4,37,0.3284338414669037
99_3981_4,56,0.3264090120792389
99_3981_4,68,0.5
99_3994_4,49,0.3274334669113159
99_3994_4,8,0.3264307975769043
99_4002_4,37,0.3284354507923126
99_4002_4,7,0.32592540979385376
99_4002_4,68,0.5
99_4013_4,48,0.32780545949935913
99_4013_4,43,0.3278048634529114
99_4013_4,68,0.5
99_4023_4,37,0.48458990454673767
99_4023_4,68,1.0
99_4039_4,19,0.651900589466095
99_4039_4,68,0.5
99_4045_4,37,0.32843339443206787
99_4045_4,39,0.3270829916000366
99_4045_4,68,0.5
99_4048_4,19,0.4863964915275574
99_4048_4,68,1.0
99_4055_4,19,0.4863964915275574
99_4055_4,68,1.0
99_4064_4,19,0.6519021987915039
99_4064_4,68,0.5
99_4065_4,37,0.48458990454673767
99_4065_4,68,1.0
99_4070_4,37,0.6506780982017517
99_4070_4,68,0.5
99_4073_4,37,0.48458990454673767
99_4073_4,68,1.0
99_4074_4,31,0.48369815945625305
99_4074_4,68,1.0
99_4076_4,37,0.48458990454673767
99_4076_4,68,1.0
99_4077_4,21,0.31484711170196533
99_4077_4,68,0.4
99_4086_4,30,0.33079099655151367
99_4086_4,40,0.3301583230495453
99_4089_4,54,0.3274841904640198
99_4089_4,38,0.32746368646621704
99_4094_4,26,0.33043012022972107
99_4094_4,56,0.326408714056015
99_4095_4,59,0.32842713594436646
99_4095_4,43,0.3277912735939026
99_4095_4,68,0.5
99_4097_4,37,0.48458993434906006
99_4097_4,68,1.0
99_4100_4,38,0.3274516463279724
99_4100_4,44,0.3264528810977936
99_4103_4,29,0.3956030309200287
99_4103_4,68,0.5
99_4106_4,37,0.48458990454673767
99_4106_4,68,1.0
99_4107_4,20,0.32782888412475586
99_4107_4,33,0.3269534707069397
99_4110_4,19,0.3314613103866577
99_4110_4,52,0.32975032925605774
99_4113_4,59,0.6830549240112305
99_4113_4,68,0.3333333333333333
99_4118_4,37,0.48458990454673767
99_4118_4,68,1.0
99_4120_4,65,0.6486977338790894
99_4120_4,66,0.5
99_4123_4,19,0.33146047592163086
99_4123_4,31,0.33053702116012573
99_4123_4,68,0.4
99_4124_4,30,0.32833680510520935
99_4124_4,3,0.32673904299736023
99_4125_4,37,0.48458990454673767
99_4125_4,68,1.0
99_4131_4,19,0.6518915891647339
99_4131_4,68,0.5
99_4134_4,31,0.32783350348472595
99_4134_4,65,0.32643696665763855
99_4142_4,16,0.34274548292160034
99_4142_4,19,0.3296568691730499
99_4142_4,68,0.5
99_4148_4,8,0.5577350854873657
99_4148_4,68,0.3333333333333333
99_4151_4,37,0.4098806381225586
99_4151_4,42,0.3297717571258545
99_4151_4,68,0.3333333333333333
99_4159_4,31,0.4836980998516083
99_4159_4,68,1.0
99_4162_4,2,0.3856789469718933
99_4162_4,49,0.35294923186302185
99_4170_4,6,0.3277299106121063
99_4170_4,50,0.32615411281585693
99_4173_4,31,0.33053454756736755
99_4173_4,68,0.6
99_4185_4,64,0.4818873703479767
99_4185_4,68,1.0
99_4186_4,16,0.3427458107471466
99_4186_4,30,0.3283247649669647
99_4199_4,37,0.48458993434906006
99_4199_4,68,1.0
99_4208_4,59,0.3284204602241516
99_4208_4,12,0.32794007658958435
99_4222_4,65,0.48166710138320923
99_4222_4,66,0.5
99_4223_4,16,0.3427455723285675
99_4223_4,33,0.32695117592811584
99_4230_4,31,0.3278293311595917
99_4230_4,56,0.32640913128852844
99_4230_4,68,0.5
99_4232_4,37,0.40394940972328186
99_4232_4,26,0.33805301785469055
99_4232_4,68,0.3333333333333333
99_4243_4,37,0.328433096408844
99_4243_4,48,0.3278038799762726
99_4243_4,68,0.5
99_4247_4,59,0.6506667733192444
99_4247_4,68,0.5
99_4255_4,12,0.32793983817100525
99_4255_4,48,0.32780569791793823
99_4261_4,6,0.3323052227497101
99_4261_4,32,0.32262688875198364
99_4262_4,17,0.49092671275138855
99_4262_4,68,0.3333333333333333
99_4273_4,60,0.32708847522735596
99_4273_4,39,0.32708317041397095
99_4274_4,37,0.32843756675720215
99_4274_4,35,0.32707467675209045
99_4274_4,68,0.3333333333333333
99_4285_4,37,0.3284328877925873
99_4285_4,20,0.32783257961273193
99_4285_4,68,0.5
99_4288_4,37,0.48458993434906006
99_4288_4,68,1.0
99_4297_4,51,0.33062437176704407
99_4297_4,37,0.3284152150154114
99_4299_4,37,0.4921013414859772
99_4299_4,68,0.6666666666666666
99_4305_4,2,0.3269641399383545
99_4305_4,3,0.3267504870891571
99_4308_4,12,0.4707368016242981
99_4308_4,68,0.3333333333333333
99_4315_4,59,0.6506653428077698
99_4315_4,68,0.5
99_4316_4,12,0.3279407024383545
99_4316_4,54,0.32751014828681946
99_4318_4,37,0.33004850149154663
99_4318_4,2,0.3253449499607086
99_4318_4,68,0.5
99_4321_4,31,0.3240360915660858
99_4321_4,68,0.4
99_4324_4,15,0.3274123966693878
99_4324_4,32,0.32718968391418457
99_4325_4,30,0.3283262550830841
99_4325_4,43,0.3278038799762726
99_4336_4,32,0.40897056460380554
99_4336_4,35,0.3807847499847412
99_4366_4,49,0.32744383811950684
99_4366_4,44,0.3264520466327667
99_4737_4,19,0.3296602666378021
99_4737_4,2,0.3269541561603546
99_4737_4,68,0.5
99_4746_4,36,0.48679256439208984
99_4746_4,34,0.3615635335445404
99_4760_4,19,0.32965561747550964
99_4760_4,58,0.32675454020500183
99_4771_4,12,0.32791298627853394
99_4771_4,35,0.3270937204360962
99_4774_4,59,0.32841193675994873
99_4774_4,45,0.3268577456474304
99_4813_4,15,0.5121780037879944
99_4813_4,18,0.3216407299041748
99_4819_4,58,0.5259706377983093
99_4819_4,18,0.3075154423713684
99_4833_4,8,0.34436383843421936
99_4833_4,53,0.3129652440547943
99_4834_4,18,0.3457619547843933
99_4834_4,44,0.3264515697956085
99_4835_4,58,0.3503045439720154
99_4835_4,33,0.3034115433692932
99_4836_4,18,0.34576013684272766
99_4836_4,35,0.3270849585533142
99_4846_4,16,0.34033361077308655
99_4846_4,39,0.3294947147369385
99_4855_4,59,0.32839497923851013
99_4855_4,45,0.3268660008907318
99_4862_4,12,0.4413558542728424
99_4862_4,5,0.33128228783607483
99_4865_4,18,0.3457600176334381
99_4865_4,24,0.3277861177921295
99_4877_4,2,0.4716242551803589
99_4877_4,18,0.3853932023048401
99_4893_4,53,0.3309178650379181
99_4893_4,43,0.3277818560600281
99_4901_4,18,0.34576040506362915
99_4901_4,60,0.32708731293678284
99_4907_4,12,0.4423690140247345
99_4907_4,32,0.4069637358188629
99_4912_4,18,0.3457689583301544
99_4912_4,65,0.32643505930900574
99_4922_4,18,0.3457637429237366
99_4922_4,33,0.32694411277770996
99_4937_4,18,0.34576067328453064
99_4937_4,51,0.33061549067497253
99_4944_4,20,0.33850905299186707
99_4944_4,16,0.3246925175189972
99_4946_4,64,0.32660481333732605
99_4946_4,25,0.3260175883769989
99_4955_4,35,0.38733765482902527
99_4955_4,2,0.351019024848938
99_4957_4,18,0.3457602858543396
99_4957_4,6,0.32774338126182556
99_4977_4,60,0.49403196573257446
99_4977_4,40,0.33014151453971863
99_4980_4,16,0.34274858236312866
99_4980_4,57,0.32612040638923645
99_4981_4,35,0.32708510756492615
99_4981_4,9,0.32680532336235046
99_4983_4,51,0.33061671257019043
99_4983_4,6,0.3277435004711151
99_4998_4,65,0.32981687784194946
99_4998_4,11,0.3297508656978607
99_5008_4,39,0.3270829916000366
99_5008_4,2,0.326961874961853
99_5010_4,18,0.34576278924942017
99_5010_4,27,0.326797217130661
99_5014_4,60,0.32708901166915894
99_5014_4,14,0.32620516419410706
99_5027_4,43,0.39528629183769226
99_5027_4,11,0.3943603038787842
99_5046_4,24,0.3277862071990967
99_5046_4,22,0.3273821473121643
99_5051_4,28,0.4133940041065216
99_5051_4,53,0.37876081466674805
99_5065_4,28,0.3272947371006012
99_5065_4,58,0.3267696499824524
99_5067_4,53,0.33087554574012756
99_5067_4,35,0.32709622383117676
99_5071_4,18,0.3457602858543396
99_5071_4,6,0.32774338126182556
99_5086_4,34,0.33916860818862915
99_5086_4,16,0.306639701128006
99_5090_4,16,0.34227728843688965
99_5090_4,40,0.3275972604751587
99_5097_4,3,0.5200561285018921
99_5097_4,53,0.30587202310562134
99_5114_4,53,0.3309062719345093
99_5114_4,26,0.3304359018802643
99_5122_4,26,0.33043602108955383
99_5122_4,30,0.32832518219947815
99_5129_4,18,0.3457600176334381
99_5129_4,24,0.3277861475944519
99_5135_4,14,0.4331352114677429
99_5135_4,46,0.3910079300403595
99_5148_4,16,0.5012697577476501
99_5148_4,11,0.3719727396965027
99_5175_4,53,0.3309113681316376
99_5175_4,51,0.33060646057128906
99_5181_4,46,0.45031479001045227
99_5181_4,53,0.3422221541404724
99_5205_4,45,0.32685500383377075
99_5205_4,65,0.3264496326446533
99_5212_4,22,0.4941394031047821
99_5212_4,12,0.3306020498275757
99_5239_4,20,0.3305397927761078
99_5239_4,38,0.33034151792526245
99_5269_4,35,0.32708531618118286
99_5269_4,61,0.3265731632709503
99_5276_4,16,0.34160029888153076
99_5276_4,23,0.3315266966819763
99_5292_4,37,0.32843640446662903
99_5292_4,10,0.32640424370765686
99_5294_4,3,0.5085989236831665
99_5294_4,16,0.3233490288257599
99_5306_4,48,0.3277965784072876
99_5306_4,1,0.3260324001312256
99_5309_4,16,0.41567158699035645
99_5309_4,62,0.3558926582336426
99_5315_4,22,0.370603084564209
99_5315_4,6,0.30560460686683655
99_5322_4,18,0.3457626402378082
99_5322_4,34,0.32635778188705444
99_5327_4,40,0.3271234333515167
99_5327_4,1,0.32602766156196594
99_5338_4,53,0.33090636134147644
99_5338_4,30,0.3283252418041229
99_5341_4,40,0.33881619572639465
99_5341_4,16,0.33760517835617065
99_5351_4,38,0.34220442175865173
99_5351_4,16,0.3279922604560852
99_5377_4,46,0.3279338777065277
99_5377_4,6,0.32774320244789124
99_5386_4,1,0.5505335927009583
99_5386_4,40,0.3312285244464874
99_5402_4,18,0.3457600176334381
99_5402_4,24,0.3277861177921295
99_5416_4,1,0.3260282278060913
99_5416_4,25,0.32602038979530334
99_5417_4,61,0.4938777983188629
99_5417_4,24,0.33037859201431274
99_5417_4,68,0.4
99_5433_4,26,0.44709739089012146
99_5433_4,48,0.34508082270622253
99_5434_4,28,0.4085885286331177
99_5434_4,12,0.386531800031662
99_5454_4,2,0.32694581151008606
99_5454_4,21,0.3260192573070526
99_5455_4,54,0.32750946283340454
99_5455_4,32,0.32718947529792786
99_5460_4,5,0.3273816406726837
99_5460_4,3,0.3267386555671692
99_5462_4,30,0.4945991337299347
99_5462_4,5,0.3303242623806
99_5465_4,18,0.455779492855072
99_5465_4,55,0.4009624123573303
99_5466_4,22,0.37068378925323486
99_5466_4,48,0.3685382306575775
99_5476_4,18,0.3457600176334381
99_5476_4,16,0.34274545311927795
99_5478_4,46,0.32793474197387695
99_5478_4,8,0.3264240026473999
99_5496_4,18,0.3457600772380829
99_5496_4,40,0.3271290361881256
99_5497_4,51,0.3306189477443695
99_5497_4,2,0.3269546329975128
99_5498_4,18,0.35598671436309814
99_5498_4,33,0.316724568605423
99_5502_4,43,0.32779785990715027
99_5502_4,32,0.3271923065185547
99_5505_4,63,0.3267717659473419
99_5505_4,4,0.3261266350746155
99_5525_4,51,0.4348504841327667
99_5525_4,30,0.3072110116481781
99_5527_4,49,0.32745030522346497
99_5527_4,65,0.3264358639717102
99_5528_4,16,0.4544975161552429
99_5528_4,18,0.3099227249622345
99_5529_4,22,0.3273824155330658
99_5529_4,36,0.3265344500541687
99_5539_4,18,0.4207474887371063
99_5539_4,22,0.3804934322834015
99_5544_4,53,0.33090630173683167
99_5544_4,2,0.3269609808921814
99_5551_4,16,0.43740028142929077
99_5551_4,53,0.3157861828804016
99_5552_4,16,0.3381195068359375
99_5552_4,6,0.33049091696739197
99_5553_4,33,0.4954071640968323
99_5553_4,36,0.37188300490379333
99_5575_4,38,0.4133055508136749
99_5575_4,6,0.3067370653152466
99_5577_4,34,0.5304872393608093
99_5577_4,18,0.30279475450515747
99_5589_4,61,0.32657772302627563
99_5589_4,1,0.3260229229927063
99_5590_4,18,0.34576162695884705
99_5590_4,27,0.3267994821071625
99_5592_4,9,0.4982636570930481
99_5592_4,18,0.301509827375412
99_5593_4,62,0.4128463566303253
99_5593_4,63,0.32476183772087097
99_5594_4,26,0.33043596148490906
99_5594_4,45,0.32685354351997375
99_5597_4,16,0.34274551272392273
99_5597_4,45,0.32685357332229614
99_5608_4,53,0.3722662925720215
99_5608_4,30,0.3366660177707672
99_5620_4,41,0.4357945919036865
99_5620_4,16,0.314100980758667
99_5621_4,16,0.46161800622940063
99_5621_4,23,0.43686532974243164
99_5651_4,6,0.44811615347862244
99_5651_4,55,0.34152495861053467
99_5668_4,16,0.3427470028400421
99_5668_4,41,0.32655400037765503
99_5673_4,21,0.3340678811073303
99_5673_4,33,0.3188961446285248
99_5677_4,16,0.3412177562713623
99_5677_4,55,0.3278534710407257
99_5686_4,16,0.4419868588447571
99_5686_4,53,0.3111940324306488
99_5696_4,53,0.38565561175346375
99_5696_4,12,0.3628135621547699
99_5698_4,6,0.3322350084781647
99_5698_4,32,0.3226970136165619
99_5699_4,43,0.3278055489063263
99_5699_4,5,0.327369749546051
99_5702_4,16,0.3427461087703705
99_5702_4,61,0.3265724778175354
99_5703_4,24,0.37248918414115906
99_5703_4,13,0.36673203110694885
99_5709_4,53,0.3309081196784973
99_5709_4,37,0.32842880487442017
99_5712_4,8,0.32642510533332825
99_5712_4,62,0.3262728154659271
99_5731_4,18,0.3457600772380829
99_5731_4,53,0.3309062123298645
99_5732_4,28,0.3272824287414551
99_5732_4,8,0.3264262080192566
99_5734_4,18,0.3457642197608948
99_5734_4,8,0.32641860842704773
99_5738_4,16,0.342745840549469
99_5738_4,8,0.3264254927635193
99_5746_4,16,0.404375284910202
99_5746_4,6,0.3952524662017822
99_5749_4,3,0.5048730969429016
99_5749_4,16,0.3685542643070221
99_5760_4,16,0.4808140695095062
99_5760_4,17,0.35119280219078064
99_5766_4,15,0.3274044096469879
99_5766_4,11,0.32627347111701965
99_5771_4,16,0.34274572134017944
99_5771_4,53,0.3309059143066406
99_5773_4,16,0.43758025765419006
99_5773_4,53,0.3156062364578247
99_5777_4,12,0.395374596118927
99_5777_4,62,0.394355833530426
99_5784_4,48,0.40464767813682556
99_5784_4,15,0.3345986008644104
99_5785_4,55,0.4310283064842224
99_5785_4,16,0.36773714423179626
99_5791_4,18,0.3457600772380829
99_5791_4,40,0.3271290361881256
99_5806_4,22,0.42400556802749634
99_5806_4,35,0.3146684169769287
99_5812_4,53,0.395921915769577
99_5812_4,18,0.3595444858074188
99_5815_4,16,0.34274572134017944
99_5815_4,46,0.32793325185775757
99_5829_4,53,0.33090662956237793
99_5829_4,8,0.32642605900764465
99_5830_4,22,0.3273822069168091
99_5830_4,40,0.3271291255950928
99_5838_4,24,0.3277864456176758
99_5838_4,6,0.327743262052536
99_5873_4,35,0.4843379259109497
99_5873_4,18,0.3727304935455322
99_5875_4,16,0.43747931718826294
99_5875_4,53,0.31570711731910706
99_5879_4,12,0.5566620826721191
99_5879_4,55,0.3387965261936188
99_5882_4,6,0.39524322748184204
99_5882_4,64,0.3945654630661011
99_5884_4,53,0.3309084475040436
99_5884_4,5,0.32736489176750183
99_5890_4,64,0.40721553564071655
99_5890_4,46,0.3794398307800293
99_5891_4,55,0.533106803894043
99_5891_4,26,0.3169359564781189
99_5904_4,18,0.4264971613883972
99_5904_4,48,0.3750010132789612
99_5914_4,16,0.3427482545375824
99_5914_4,5,0.3273639678955078
99_5915_4,53,0.3309060335159302
99_5915_4,22,0.327382355928421
99_5927_4,44,0.4936721920967102
99_5927_4,60,0.33016470074653625
99_5928_4,33,0.3269250988960266
99_5928_4,45,0.32686635851860046
99_5929_4,53,0.33090636134147644
99_5929_4,31,0.32782799005508423
99_5933_4,20,0.4145726263523102
99_5933_4,49,0.41440558433532715
99_5939_4,16,0.34274551272392273
99_5939_4,33,0.32695120573043823
99_5966_4,38,0.34265491366386414
99_5966_4,16,0.3275417685508728
99_5968_4,48,0.3499816656112671
99_5968_4,28,0.30390867590904236
99_5978_4,18,0.4501124918460846
99_5978_4,43,0.3030088245868683
99_5985_4,6,0.34452182054519653
99_5985_4,16,0.32596704363822937
99_6004_4,38,0.3419351875782013
99_6004_4,16,0.32826146483421326
99_6007_4,16,0.34274524450302124
99_6007_4,5,0.3273698687553406
99_6022_4,50,0.5013295412063599
99_6022_4,53,0.3242926001548767
99_6026_4,17,0.39766132831573486
99_6026_4,46,0.34127774834632874
99_6035_4,14,0.5110809206962585
99_6035_4,51,0.33899351954460144
99_6038_4,5,0.4213297963142395
99_6038_4,16,0.3780690133571625
99_6042_4,54,0.3303760886192322
99_6042_4,67,0.4
99_6045_4,38,0.7350678443908691
99_6045_4,67,0.6666666666666666
99_6047_4,54,0.3303755223751068
99_6047_4,2,0.33008721470832825
99_6047_4,67,0.4
99_6050_4,16,0.3427456319332123
99_6050_4,54,0.3275110423564911
99_6051_4,27,0.49564293026924133
99_6051_4,18,0.37896081805229187
99_6064_4,18,0.4062085747718811
99_6064_4,54,0.3951108753681183
99_6070_4,18,0.4464958906173706
99_6070_4,67,0.375
99_6071_4,16,0.3427465260028839
99_6071_4,43,0.32780376076698303
99_6073_4,16,0.34274551272392273
99_6073_4,22,0.3273821473121643
99_6077_4,18,0.3560708165168762
99_6077_4,33,0.3166404664516449
99_6078_4,18,0.3457600176334381
99_6078_4,16,0.34274542331695557
99_6081_4,5,0.3794080913066864
99_6081_4,33,0.35915836691856384
99_6090_4,54,0.43989297747612
99_6090_4,38,0.30456578731536865
99_6095_4,54,0.3951142132282257
99_6095_4,67,0.5
99_6098_4,25,0.5972092151641846
99_6098_4,54,0.339926153421402
99_6103_4,18,0.3457607626914978
99_6103_4,59,0.3284190595149994
99_6107_4,16,0.45453110337257385
99_6107_4,18,0.30988916754722595
99_6121_4,60,0.33357474207878113
99_6121_4,56,0.31992441415786743
99_6129_4,11,0.45163434743881226
99_6129_4,16,0.363230437040329
99_6147_4,18,0.3457600176334381
99_6147_4,16,0.34274545311927795
99_6148_4,16,0.3364664316177368
99_6148_4,23,0.33303016424179077
99_6177_4,18,0.34576013684272766
99_6177_4,5,0.3273695707321167
99_6201_4,18,0.34576013684272766
99_6201_4,45,0.32685354351997375
99_6206_4,48,0.3278050422668457
99_6206_4,36,0.326534628868103
99_6208_4,18,0.3457600474357605
99_6208_4,24,0.3277861177921295
99_6209_4,48,0.32780736684799194
99_6209_4,42,0.3273196518421173
99_6220_4,6,0.3277454972267151
99_6220_4,34,0.32635822892189026
99_6226_4,18,0.3457644581794739
99_6226_4,59,0.32841184735298157
99_6247_4,18,0.3457615375518799
99_6247_4,11,0.3262714445590973
99_6251_4,32,0.3271920680999756
99_6251_4,65,0.3264451324939728
99_6254_4,26,0.3304380774497986
99_6254_4,54,0.3275068998336792
99_6266_4,18,0.3457600176334381
99_6266_4,24,0.3277861177921295
99_6272_4,24,0.39498963952064514
99_6272_4,4,0.39454734325408936
99_6284_4,35,0.3270859718322754
99_6284_4,33,0.3269454538822174
99_6287_4,53,0.33090630173683167
99_6287_4,20,0.3278334438800812
99_6292_4,18,0.34576788544654846
99_6292_4,34,0.32634755969047546
99_6301_4,18,0.34571942687034607
99_6301_4,24,0.3278064429759979
99_6304_4,24,0.32779109477996826
99_6304_4,65,0.32644224166870117
99_6310_4,18,0.3457602858543396
99_6310_4,6,0.32774338126182556
99_6312_4,18,0.34576040506362915
99_6312_4,60,0.32708731293678284
99_6331_4,18,0.34576019644737244
99_6331_4,46,0.32793349027633667
99_6333_4,18,0.3457602858543396
99_6333_4,46,0.3279332220554352
99_6337_4,18,0.3457096517086029
99_6337_4,10,0.32646825909614563
99_6338_4,18,0.3457600176334381
99_6338_4,24,0.3277861177921295
99_6368_4,2,0.36953726410865784
99_6368_4,16,0.31669485569000244
99_6370_4,40,0.3332964777946472
99_6370_4,33,0.32077527046203613
99_6378_4,45,0.3268474042415619
99_6378_4,56,0.32640478014945984
99_6384_4,51,0.33061647415161133
99_6384_4,24,0.32778626680374146
99_6408_4,29,0.3283807337284088
99_6408_4,3,0.32676059007644653
99_6415_4,36,0.4309156835079193
99_6415_4,26,0.30965468287467957
99_6424_4,29,0.3283807635307312
99_6424_4,3,0.32676053047180176
99_6431_4,18,0.3457605838775635
99_6431_4,59,0.32841938734054565
99_6432_4,15,0.3274134397506714
99_6432_4,34,0.32635968923568726
99_6453_4,59,0.4346948266029358
99_6453_4,16,0.36533698439598083
99_6464_4,12,0.41204771399497986
99_6464_4,37,0.32807084918022156
99_6467_4,43,0.32781893014907837
99_6467_4,13,0.3273804783821106
99_6467_4,68,0.5
99_6470_4,16,0.4896606206893921
99_6470_4,68,0.3333333333333333
99_6472_4,48,0.3278050422668457
99_6472_4,42,0.3273245394229889
99_6478_4,15,0.5169416666030884
99_6478_4,19,0.3517255187034607
99_6483_4,29,0.6506198644638062
99_6483_4,68,0.5
99_6484_4,18,0.5052058696746826
99_6484_4,68,0.3333333333333333
99_6488_4,6,0.4281710386276245
99_6488_4,51,0.36407750844955444
99_6489_4,12,0.3279418647289276
99_6489_4,62,0.3262717127799988
99_6494_4,12,0.32794079184532166
99_6494_4,22,0.3273824155330658
99_6497_4,37,0.6506790518760681
99_6497_4,68,0.6666666666666666
99_6498_4,43,0.4690092206001282
99_6498_4,68,0.3333333333333333
99_6504_4,26,0.3628072142601013
99_6504_4,53,0.3010689318180084
99_6516_4,37,0.32843297719955444
99_6516_4,43,0.32780471444129944
99_6516_4,68,0.6666666666666666
99_6518_4,37,0.32843270897865295
99_6518_4,23,0.3267516791820526
99_6518_4,68,0.5
99_6519_4,19,0.41781845688819885
99_6519_4,22,0.37362948060035706
99_6523_4,51,0.33061671257019043
99_6523_4,59,0.3284200429916382
99_6523_4,68,0.5
99_6524_4,51,0.3426387310028076
99_6524_4,33,0.31492912769317627
99_6525_4,53,0.33091551065444946
99_6525_4,6,0.3277246356010437
99_6530_4,51,0.495830774307251
99_6530_4,22,0.3302660584449768
99_6533_4,9,0.3833928108215332
99_6533_4,68,0.3333333333333333
99_6535_4,19,0.4863964319229126
99_6535_4,68,0.3333333333333333
99_6536_4,13,0.4631032943725586
99_6536_4,53,0.3631581664085388
99_6552_4,19,0.32966411113739014
99_6552_4,62,0.3262593150138855
99_6552_4,68,0.5
99_6554_4,18,0.34576013684272766
99_6554_4,45,0.32685354351997375
99_6560_4,23,0.4966970682144165
99_6560_4,18,0.3041520118713379
99_6565_4,51,0.49375393986701965
99_6565_4,68,0.3333333333333333
99_6571_4,19,0.4930301010608673
99_6571_4,68,0.3333333333333333
99_6578_4,18,0.4489051103591919
99_6578_4,16,0.3927088677883148
99_6582_4,22,0.40253376960754395
99_6582_4,51,0.33881357312202454
99_6594_4,64,0.4818873703479767
99_6594_4,68,1.0
99_6596_4,26,0.43580085039138794
99_6596_4,58,0.30494487285614014
99_6608_4,53,0.3309064507484436
99_6608_4,46,0.32793331146240234
99_6616_4,19,0.3296491801738739
99_6616_4,7,0.32592737674713135
99_6622_4,18,0.4220217764377594
99_6622_4,51,0.3332255184650421
99_6627_4,18,0.34054791927337646
99_6627_4,23,0.33196401596069336
99_6629_4,51,0.3306170403957367
99_6629_4,43,0.3278048038482666
99_6629_4,68,0.5
99_6633_4,18,0.4218129515647888
99_6633_4,51,0.3334343433380127
99_6634_4,18,0.3457602858543396
99_6634_4,6,0.32774338126182556
99_6635_4,51,0.3306165933609009
99_6635_4,5,0.32736966013908386
99_6638_4,59,0.7358033061027527
99_6638_4,68,1.0
99_6649_4,53,0.39405491948127747
99_6649_4,5,0.30320221185684204
99_6654_4,51,0.33061736822128296
99_6654_4,10,0.3264164626598358
99_6656_4,43,0.3278050124645233
99_6656_4,61,0.32657361030578613
99_6656_4,68,0.5
99_6665_4,16,0.3427455425262451
99_6665_4,51,0.3306165039539337
99_6666_4,21,0.36508941650390625
99_6666_4,68,0.3333333333333333
99_6667_4,23,0.39584213495254517
99_6667_4,49,0.3426283001899719
99_6672_4,18,0.4217374622821808
99_6672_4,51,0.3335098326206207
99_6681_4,61,0.33114978671073914
99_6681_4,51,0.326036661863327
99_6682_4,48,0.3324967622756958
99_6682_4,18,0.3116016983985901
99_6684_4,37,0.48458990454673767
99_6684_4,68,1.0
99_6689_4,16,0.3427455723285675
99_6689_4,42,0.32732436060905457
99_6690_4,37,0.4220726191997528
99_6690_4,16,0.3779599368572235
99_6693_4,28,0.6579474210739136
99_6693_4,68,0.4
99_6694_4,19,0.6518977284431458
99_6694_4,68,0.3333333333333333
99_6695_4,19,0.40619906783103943
99_6695_4,68,0.5
99_6700_4,19,0.6518981456756592
99_6700_4,68,0.5
99_6705_4,53,0.4336032271385193
99_6705_4,14,0.31166890263557434
99_6710_4,13,0.3516814708709717
99_6710_4,16,0.3487808406352997
99_6711_4,24,0.3277863562107086
99_6711_4,6,0.32774341106414795
99_6716_4,63,0.3267812430858612
99_6716_4,44,0.32645556330680847
99_6722_4,4,0.3261134922504425
99_6722_4,47,0.32608067989349365
99_6732_4,23,0.3267357349395752
99_6732_4,61,0.3265790641307831
99_6735_4,43,0.48366445302963257
99_6735_4,68,1.0
99_6743_4,51,0.45834285020828247
99_6743_4,12,0.392488032579422
99_6764_4,18,0.3457637131214142
99_6764_4,33,0.32694414258003235
99_6784_4,26,0.3304380774497986
99_6784_4,54,0.3275068700313568
99_6785_4,53,0.455619215965271
99_6785_4,18,0.3477647602558136
99_6798_4,46,0.32793372869491577
99_6798_4,6,0.3277435302734375
99_6809_4,29,0.3283768594264984
99_6809_4,15,0.3274141848087311
99_6818_4,12,0.38969722390174866
99_6818_4,18,0.3038700520992279
99_6824_4,53,0.39717864990234375
99_6824_4,45,0.3947068154811859
99_6826_4,18,0.3457600176334381
99_6826_4,26,0.3304358720779419
99_6829_4,6,0.32774606347084045
99_6829_4,63,0.3267775774002075
99_6856_4,26,0.33044180274009705
99_6856_4,34,0.32634836435317993
99_6863_4,26,0.3304358422756195
99_6863_4,24,0.3277861475944519
99_6864_4,18,0.3457622528076172
99_6864_4,41,0.3265528082847595
99_6866_4,51,0.41496655344963074
99_6866_4,2,0.3260630965232849
99_6870_4,60,0.32708775997161865
99_6870_4,52,0.32628941535949707
99_6871_4,18,0.3457600772380829
99_6871_4,40,0.3271290361881256
99_6873_4,18,0.3457600474357605
99_6873_4,28,0.32729408144950867
99_6901_4,18,0.4211186468601227
99_6901_4,24,0.33198800683021545
99_6904_4,18,0.34575584530830383
99_6904_4,24,0.32778826355934143
99_6911_4,53,0.3309062719345093
99_6911_4,24,0.3277861773967743
99_6941_4,24,0.3277863562107086
99_6941_4,6,0.32774341106414795
99_6944_4,29,0.32837700843811035
99_6944_4,12,0.32794034481048584
99_6946_4,19,0.48639458417892456
99_6946_4,68,1.0
99_6953_4,16,0.33797818422317505
99_6953_4,60,0.33185482025146484
99_6956_4,18,0.34576013684272766
99_6956_4,35,0.3270849585533142
99_6958_4,6,0.327742338180542
99_6958_4,15,0.3274140954017639
99_6959_4,51,0.40872564911842346
99_6959_4,17,0.33224061131477356
99_6961_4,18,0.3457600176334381
99_6961_4,16,0.34274545311927795
99_6962_4,58,0.33498522639274597
99_6962_4,46,0.3197181820869446
99_6971_4,35,0.32709041237831116
99_6971_4,23,0.32674121856689453
99_6977_4,24,0.37232574820518494
99_6977_4,59,0.36869266629219055
99_6986_4,18,0.34576407074928284
99_6986_4,15,0.32740697264671326
99_7007_4,46,0.32793354988098145
99_7007_4,45,0.3268537223339081
99_7009_4,58,0.3267689049243927
99_7009_4,3,0.3267580270767212
99_7010_4,51,0.3306165039539337
99_7010_4,22,0.32738232612609863
99_7021_4,53,0.33090686798095703
99_7021_4,51,0.3306155204772949
99_7032_4,53,0.33090636134147644
99_7032_4,35,0.32708504796028137
99_7246_4,46,0.3592878580093384
99_7246_4,29,0.3308371901512146
99_7263_4,18,0.36322706937789917
99_7263_4,23,0.3306727707386017
99_7266_4,18,0.34931930899620056
99_7266_4,33,0.3122916519641876
99_7268_4,31,0.3953014016151428
99_7268_4,2,0.39477410912513733
99_7271_4,63,0.44257068634033203
99_7271_4,20,0.322740763425827
99_7293_4,20,0.44037100672721863
99_7293_4,41,0.37296998500823975
99_7308_4,12,0.3758847415447235
99_7308_4,22,0.350593626499176
99_7326_4,40,0.5489007234573364
99_7326_4,49,0.30236712098121643
99_7364_4,4,0.5816175937652588
99_7364_4,49,0.35552290081977844
99_7401_4,49,0.3863450288772583
99_7401_4,13,0.31412598490715027
99_7410_4,29,0.4429287314414978
99_7410_4,54,0.38662439584732056
99_7424_4,18,0.3396236300468445
99_7424_4,54,0.3295356035232544
99_7426_4,38,0.30570489168167114
99_7426_4,67,0.3333333333333333
99_7427_4,5,0.4245932400226593
99_7427_4,67,0.3333333333333333
99_7436_4,46,0.44131308794021606
99_7436_4,16,0.3365579843521118
99_7439_4,23,0.4409257769584656
99_7439_4,54,0.3313576579093933
99_7443_4,61,0.3305732011795044
99_7443_4,5,0.3233684301376343
99_7446_4,26,0.331855446100235
99_7446_4,20,0.33053919672966003
99_7455_4,38,0.49065688252449036
99_7455_4,54,0.333903968334198
99_7459_4,54,0.32751116156578064
99_7459_4,5,0.32736971974372864
99_7463_4,16,0.3994176983833313
99_7463_4,67,0.5
99_7468_4,15,0.445649653673172
99_7468_4,54,0.3288745582103729
99_7468_4,67,0.36363636363636365
99_7470_4,54,0.41427046060562134
99_7470_4,67,0.3333333333333333
99_7473_4,16,0.38841870427131653
99_7473_4,34,0.3066885769367218
99_7478_4,26,0.33043619990348816
99_7478_4,6,0.3277432322502136
99_7481_4,54,0.7811146974563599
99_7481_4,67,0.3076923076923077
99_7487_4,26,0.33043795824050903
99_7487_4,11,0.32627013325691223
99_7492_4,54,0.4464587867259979
99_7492_4,67,0.5
99_7496_4,54,0.43226757645606995
99_7496_4,67,0.3333333333333333
99_7501_4,18,0.4061919152736664
99_7501_4,29,0.3956499993801117
99_7502_4,29,0.33083122968673706
99_7502_4,46,0.3305581510066986
99_7505_4,29,0.33081504702568054
99_7505_4,59,0.3269747793674469
99_7532_4,19,0.3386453092098236
99_7532_4,29,0.3317384123802185
99_7535_4,55,0.4935939610004425
99_7535_4,29,0.3308311700820923
99_7537_4,18,0.3395748734474182
99_7537_4,29,0.33085304498672485
99_7543_4,29,0.3308202922344208
99_7543_4,28,0.3302677571773529
